Left Home,"December 11, 2018 at 08:39AM",,"https://maps.google.com/?q=53.369536272938745,-6.235619199999973&z=17"
Arrived At Work,"December 11, 2018 at 09:34AM",,"https://maps.google.com/?q=53.334460546961814,-6.2549589999999755&z=17"
Left Work,"December 11, 2018 at 01:18PM",,"https://maps.google.com/?q=53.334068956729624,-6.254830253967261&z=18"
Arrived At Work,"December 11, 2018 at 01:53PM",,"https://maps.google.com/?q=53.334460546961814,-6.2549589999999755&z=17"
Left Work,"December 11, 2018 at 06:33PM",,"https://maps.google.com/?q=53.33402489271903,-6.254830253967261&z=18"
Arrived Home,"December 11, 2018 at 07:10PM",,"https://maps.google.com/?q=53.36944512097854,-6.2361662251312255&z=18"
Left Home,"December 11, 2018 at 07:47PM",,"https://maps.google.com/?q=53.36951553622526,-6.2363057&z=18"
Arrived Home,"December 11, 2018 at 09:08PM",,"https://maps.google.com/?q=53.36944512097854,-6.2361662251312255&z=18"
Left Home,"December 12, 2018 at 07:56AM",,"https://maps.google.com/?q=53.36951553622526,-6.2363057&z=18"
Arrived At Work,"December 12, 2018 at 08:28AM",,"https://maps.google.com/?q=53.334460546961814,-6.2549589999999755&z=17"
Left Work,"December 12, 2018 at 01:21PM",,"https://maps.google.com/?q=53.33402489271903,-6.254830253967261&z=18"
Arrived At Work,"December 12, 2018 at 01:28PM",,"https://maps.google.com/?q=53.334460546961814,-6.2549589999999755&z=17"
Left Work,"December 12, 2018 at 05:10PM",,"https://maps.google.com/?q=53.33402489271903,-6.254830253967261&z=18"
Arrived Home,"December 12, 2018 at 06:09PM",,"https://maps.google.com/?q=53.36944512097854,-6.2361662251312255&z=18"
Left Home,"December 13, 2018 at 08:48AM",,"https://maps.google.com/?q=53.36951553622526,-6.2363057&z=18"
Arrived At Work,"December 13, 2018 at 09:41AM",,"https://maps.google.com/?q=53.334460546961814,-6.2549589999999755&z=17"
Left Work,"December 13, 2018 at 05:29PM",,"https://maps.google.com/?q=53.33402489271903,-6.254830253967261&z=18"
Arrived Home,"December 13, 2018 at 11:58PM",,"https://maps.google.com/?q=53.36944512097854,-6.2361662251312255&z=18"
Left Home,"December 14, 2018 at 08:43AM",,"https://maps.google.com/?q=53.36951553622526,-6.2363057&z=18"
Arrived At Work,"December 14, 2018 at 09:29AM",,"https://maps.google.com/?q=53.334460546961814,-6.2549589999999755&z=17"
Left Work,"December 14, 2018 at 01:03PM",,"https://maps.google.com/?q=53.33402489271903,-6.254830253967261&z=18"
Arrived At Work,"December 14, 2018 at 01:29PM",,"https://maps.google.com/?q=53.334460546961814,-6.2549589999999755&z=17"
Left Work,"December 14, 2018 at 06:03PM",,"https://maps.google.com/?q=53.33402489271903,-6.254830253967261&z=18"
Arrived Home,"December 14, 2018 at 06:46PM",,"https://maps.google.com/?q=53.36944512097854,-6.2361662251312255&z=18"
Left Home,"December 15, 2018 at 09:53AM",,"https://maps.google.com/?q=53.36951553622526,-6.2363057&z=18"
Arrived Home,"December 15, 2018 at 11:10AM",,"https://maps.google.com/?q=53.36944512097854,-6.2361662251312255&z=18"
Left Home,"December 15, 2018 at 11:18AM",,"https://maps.google.com/?q=53.36951553622526,-6.2363057&z=18"
Arrived Home,"December 15, 2018 at 11:35AM",,"https://maps.google.com/?q=53.36944512097854,-6.2361662251312255&z=18"
Left Home,"December 15, 2018 at 12:53PM",,"https://maps.google.com/?q=53.36951553622526,-6.2363057&z=18"
Arrived Home,"December 15, 2018 at 02:33PM",,"https://maps.google.com/?q=53.36944512097854,-6.2361662251312255&z=18"
Left Home,"December 15, 2018 at 03:09PM",,"https://maps.google.com/?q=53.36951553622526,-6.2363057&z=18"
Arrived Home,"December 15, 2018 at 07:20PM",,"https://maps.google.com/?q=53.36944512097854,-6.2361662251312255&z=18"
Left Home,"December 16, 2018 at 03:53PM",,"https://maps.google.com/?q=53.36951553622526,-6.2363057&z=18"
Arrived Home,"December 16, 2018 at 05:39PM",,"https://maps.google.com/?q=53.36944512097854,-6.2361662251312255&z=18"
Left Home,"December 17, 2018 at 08:02AM",,"https://maps.google.com/?q=53.36951553622526,-6.2363057&z=18"
Arrived At Work,"December 17, 2018 at 08:40AM",,"https://maps.google.com/?q=53.334460546961814,-6.2549589999999755&z=17"
Left Work,"December 17, 2018 at 05:12PM",,"https://maps.google.com/?q=53.33402489271903,-6.254830253967261&z=18"
Arrived Home,"December 17, 2018 at 06:13PM",,"https://maps.google.com/?q=53.36944512097854,-6.2361662251312255&z=18"
Left Home,"December 18, 2018 at 08:53AM",,"https://maps.google.com/?q=53.36951553622526,-6.2363057&z=18"
Arrived At Work,"December 18, 2018 at 09:37AM",,"https://maps.google.com/?q=53.334460546961814,-6.2549589999999755&z=17"
Left Work,"December 18, 2018 at 01:31PM",,"https://maps.google.com/?q=53.33402489271903,-6.254830253967261&z=18"
Arrived At Work,"December 18, 2018 at 01:35PM",,"https://maps.google.com/?q=53.334460546961814,-6.2549589999999755&z=17"
Left Work,"December 18, 2018 at 06:18PM",,"https://maps.google.com/?q=53.33387421252122,-6.25497546931149&z=18"
Arrived Home,"December 18, 2018 at 06:56PM",,"https://maps.google.com/?q=53.36946943640538,-6.236269499999942&z=18"
Left Home,"December 19, 2018 at 08:40AM",,"https://maps.google.com/?q=53.36951553622526,-6.2363057&z=18"
Arrived At Work,"December 19, 2018 at 09:34AM",,"https://maps.google.com/?q=53.33399285914321,-6.2547336944427245&z=18"
Left Work,"December 19, 2018 at 01:17PM",,"https://maps.google.com/?q=53.33387421252122,-6.25497546931149&z=18"
Arrived At Work,"December 19, 2018 at 01:59PM",,"https://maps.google.com/?q=53.33399285914321,-6.2547336944427245&z=18"
Left Work,"December 19, 2018 at 06:24PM",,"https://maps.google.com/?q=53.33387421252122,-6.25497546931149&z=18"
Arrived Home,"December 19, 2018 at 07:01PM",,"https://maps.google.com/?q=53.36946943640538,-6.236269499999942&z=18"
Left Home,"December 19, 2018 at 07:38PM",,"https://maps.google.com/?q=53.36951553622526,-6.2363057&z=18"
Arrived Home,"December 19, 2018 at 08:25PM",,"https://maps.google.com/?q=53.36946943640538,-6.236269499999942&z=18"
Left Home,"December 20, 2018 at 08:36AM",,"https://maps.google.com/?q=53.36951553622526,-6.2363057&z=18"
Arrived At Work,"December 20, 2018 at 09:33AM",,"https://maps.google.com/?q=53.33399285914321,-6.2547336944427245&z=18"
Left Work,"December 20, 2018 at 01:13PM",,"https://maps.google.com/?q=53.33387421252122,-6.25497546931149&z=18"
Arrived At Work,"December 20, 2018 at 01:19PM",,"https://maps.google.com/?q=53.33399285914321,-6.2547336944427245&z=18"
Left Work,"December 20, 2018 at 06:40PM",,"https://maps.google.com/?q=53.33387421252122,-6.25497546931149&z=18"
Arrived Home,"December 20, 2018 at 07:14PM",,"https://maps.google.com/?q=53.36946943640538,-6.236269499999942&z=18"
Left Home,"December 20, 2018 at 10:03PM",,"https://maps.google.com/?q=53.36951553622526,-6.2363057&z=18"
Arrived Home,"December 20, 2018 at 11:10PM",,"https://maps.google.com/?q=53.36946943640538,-6.236269499999942&z=18"
Left Home,"December 21, 2018 at 08:00AM",,"https://maps.google.com/?q=53.36951553622526,-6.2363057&z=18"
Arrived At Work,"December 21, 2018 at 08:39AM",,"https://maps.google.com/?q=53.33399285914321,-6.2547336944427245&z=18"
Left Work,"December 21, 2018 at 01:13PM",,"https://maps.google.com/?q=53.33387421252122,-6.25497546931149&z=18"
Arrived At Work,"December 21, 2018 at 01:26PM",,"https://maps.google.com/?q=53.33399285914321,-6.2547336944427245&z=18"
Left Work,"December 21, 2018 at 05:06PM",,"https://maps.google.com/?q=53.33387421252122,-6.25497546931149&z=18"
Arrived Home,"December 21, 2018 at 06:04PM",,"https://maps.google.com/?q=53.36946943640538,-6.236269499999942&z=18"
Left Home,"December 22, 2018 at 10:46AM",,"https://maps.google.com/?q=53.36951553622526,-6.2363057&z=18"
Arrived Home,"December 22, 2018 at 01:35PM",,"https://maps.google.com/?q=53.36946943640538,-6.236269499999942&z=18"
Left Home,"December 22, 2018 at 02:27PM",,"https://maps.google.com/?q=53.36951553622526,-6.2363057&z=18"
Arrived Home,"December 22, 2018 at 11:23PM",,"https://maps.google.com/?q=53.36946943640538,-6.236269499999942&z=18"
Left Home,"December 23, 2018 at 11:18AM",,"https://maps.google.com/?q=53.36951553622526,-6.2363057&z=18"
Arrived Home,"December 23, 2018 at 02:50PM",,"https://maps.google.com/?q=53.36946943640538,-6.236269499999942&z=18"
Left Home,"December 24, 2018 at 11:13AM",,"https://maps.google.com/?q=53.36951553622526,-6.2363057&z=18"
Arrived Home,"December 24, 2018 at 12:16PM",,"https://maps.google.com/?q=53.36946943640538,-6.236269499999942&z=18"
Left Home,"December 26, 2018 at 11:22AM",,"https://maps.google.com/?q=53.36951553622526,-6.2363057&z=18"
Arrived Home,"December 26, 2018 at 01:11PM",,"https://maps.google.com/?q=53.36946943640538,-6.236269499999942&z=18"
Left Home,"December 26, 2018 at 03:51PM",,"https://maps.google.com/?q=53.36951553622526,-6.2363057&z=18"
Arrived Home,"December 26, 2018 at 08:50PM",,"https://maps.google.com/?q=53.36946943640538,-6.236269499999942&z=18"
Left Home,"December 27, 2018 at 03:51PM",,"https://maps.google.com/?q=53.36951553622526,-6.2363057&z=18"
Arrived Home,"December 28, 2018 at 02:09PM",,"https://maps.google.com/?q=53.36946943640538,-6.236269499999942&z=18"
Left Home,"December 29, 2018 at 04:37PM",,"https://maps.google.com/?q=53.36951553622526,-6.2363057&z=18"
Arrived Home,"December 29, 2018 at 08:57PM",,"https://maps.google.com/?q=53.36946943640538,-6.236269499999942&z=18"
Left Home,"December 30, 2018 at 07:31PM",,"https://maps.google.com/?q=53.36951553622526,-6.2363057&z=18"
Arrived Home,"December 30, 2018 at 07:45PM",,"https://maps.google.com/?q=53.36946943640538,-6.236269499999942&z=18"
Left Home,"December 31, 2018 at 02:22PM",,"https://maps.google.com/?q=53.36951553622526,-6.2363057&z=18"
Arrived Home,"December 31, 2018 at 02:26PM",,"https://maps.google.com/?q=53.36946943640538,-6.236269499999942&z=18"
Left Home,"December 31, 2018 at 04:13PM",,"https://maps.google.com/?q=53.36951553622526,-6.2363057&z=18"
Arrived Home,"December 31, 2018 at 05:01PM",,"https://maps.google.com/?q=53.36946943640538,-6.236269499999942&z=18"
Left Home,"January 01, 2019 at 11:06AM",,"https://maps.google.com/?q=53.36951553622526,-6.2363057&z=18"
Arrived Home,"January 01, 2019 at 04:07PM",,"https://maps.google.com/?q=53.36946943640538,-6.236269499999942&z=18"
Left Home,"January 01, 2019 at 06:26PM",,"https://maps.google.com/?q=53.36951553622526,-6.2363057&z=18"
Arrived Home,"January 01, 2019 at 06:38PM",,"https://maps.google.com/?q=53.36946943640538,-6.236269499999942&z=18"
Left Home,"January 01, 2019 at 07:48PM",,"https://maps.google.com/?q=53.36951553622526,-6.2363057&z=18"
Arrived Home,"January 01, 2019 at 08:10PM",,"https://maps.google.com/?q=53.36946943640538,-6.236269499999942&z=18"
Left Home,"January 02, 2019 at 08:35AM",,"https://maps.google.com/?q=53.36951553622526,-6.2363057&z=18"
Arrived At Work,"January 02, 2019 at 09:29AM",,"https://maps.google.com/?q=53.33399285914321,-6.2547336944427245&z=18"
Left Work,"January 02, 2019 at 01:10PM",,"https://maps.google.com/?q=53.33387421252122,-6.25497546931149&z=18"
Arrived At Work,"January 02, 2019 at 01:18PM",,"https://maps.google.com/?q=53.33399285914321,-6.2547336944427245&z=18"
Left Work,"January 02, 2019 at 06:10PM",,"https://maps.google.com/?q=53.33387421252122,-6.25497546931149&z=18"
Arrived Home,"January 02, 2019 at 06:56PM",,"https://maps.google.com/?q=53.36946943640538,-6.236269499999942&z=18"
Left Home,"January 02, 2019 at 07:25PM",,"https://maps.google.com/?q=53.36951553622526,-6.2363057&z=18"
Arrived Home,"January 02, 2019 at 08:41PM",,"https://maps.google.com/?q=53.36946943640538,-6.236269499999942&z=18"
Left Home,"January 03, 2019 at 08:35AM",,"https://maps.google.com/?q=53.36951553622526,-6.2363057&z=18"
Arrived At Work,"January 03, 2019 at 09:32AM",,"https://maps.google.com/?q=53.33399285914321,-6.2547336944427245&z=18"
Left Work,"January 03, 2019 at 01:08PM",,"https://maps.google.com/?q=53.33387421252122,-6.25497546931149&z=18"
Arrived At Work,"January 03, 2019 at 02:00PM",,"https://maps.google.com/?q=53.33399285914321,-6.2547336944427245&z=18"
Left Work,"January 03, 2019 at 06:06PM",,"https://maps.google.com/?q=53.33387421252122,-6.25497546931149&z=18"
Arrived Home,"January 03, 2019 at 06:44PM",,"https://maps.google.com/?q=53.36946943640538,-6.236269499999942&z=18"
Left Home,"January 04, 2019 at 08:44AM",,"https://maps.google.com/?q=53.36951553622526,-6.2363057&z=18"
Arrived At Work,"January 04, 2019 at 09:29AM",,"https://maps.google.com/?q=53.33399285914321,-6.2547336944427245&z=18"
Left Work,"January 04, 2019 at 01:25PM",,"https://maps.google.com/?q=53.33387421252122,-6.25497546931149&z=18"
Arrived At Work,"January 04, 2019 at 01:34PM",,"https://maps.google.com/?q=53.33399285914321,-6.2547336944427245&z=18"
Left Work,"January 04, 2019 at 06:23PM",,"https://maps.google.com/?q=53.33387421252122,-6.25497546931149&z=18"
Arrived Home,"January 04, 2019 at 07:58PM",,"https://maps.google.com/?q=53.36946943640538,-6.236269499999942&z=18"
Left Home,"January 05, 2019 at 12:36PM",,"https://maps.google.com/?q=53.36951553622526,-6.2363057&z=18"
Arrived Home,"January 05, 2019 at 01:06PM",,"https://maps.google.com/?q=53.36946943640538,-6.236269499999942&z=18"
Left Home,"January 06, 2019 at 11:13AM",,"https://maps.google.com/?q=53.36951553622526,-6.2363057&z=18"
Arrived Home,"January 06, 2019 at 12:14PM",,"https://maps.google.com/?q=53.36946943640538,-6.236269499999942&z=18"
Left Home,"January 06, 2019 at 03:05PM",,"https://maps.google.com/?q=53.36951553622526,-6.2363057&z=18"
Arrived Home,"January 06, 2019 at 08:25PM",,"https://maps.google.com/?q=53.36946943640538,-6.236269499999942&z=18"
Left Home,"January 07, 2019 at 07:49AM",,"https://maps.google.com/?q=53.36951553622526,-6.2363057&z=18"
Arrived At Work,"January 07, 2019 at 08:32AM",,"https://maps.google.com/?q=53.33399285914321,-6.2547336944427245&z=18"
Left Work,"January 07, 2019 at 01:23PM",,"https://maps.google.com/?q=53.33387421252122,-6.25497546931149&z=18"
Arrived At Work,"January 07, 2019 at 01:56PM",,"https://maps.google.com/?q=53.33399285914321,-6.2547336944427245&z=18"
Left Work,"January 07, 2019 at 05:06PM",,"https://maps.google.com/?q=53.33387421252122,-6.25497546931149&z=18"
Arrived Home,"January 07, 2019 at 06:06PM",,"https://maps.google.com/?q=53.36946943640538,-6.236269499999942&z=18"
Left Home,"January 07, 2019 at 06:44PM",,"https://maps.google.com/?q=53.36951553622526,-6.2363057&z=18"
Arrived Home,"January 07, 2019 at 08:09PM",,"https://maps.google.com/?q=53.36946943640538,-6.236269499999942&z=18"
Left Home,"January 08, 2019 at 08:44AM",,"https://maps.google.com/?q=53.36951553622526,-6.2363057&z=18"
Arrived At Work,"January 08, 2019 at 09:37AM",,"https://maps.google.com/?q=53.33399285914321,-6.2547336944427245&z=18"
Left Work,"January 08, 2019 at 06:29PM",,"https://maps.google.com/?q=53.33387421252122,-6.25497546931149&z=18"
Arrived Home,"January 08, 2019 at 07:08PM",,"https://maps.google.com/?q=53.36946943640538,-6.236269499999942&z=18"
Left Home,"January 09, 2019 at 08:36AM",,"https://maps.google.com/?q=53.36951553622526,-6.2363057&z=18"
Arrived At Work,"January 09, 2019 at 09:31AM",,"https://maps.google.com/?q=53.33399285914321,-6.2547336944427245&z=18"
Left Work,"January 09, 2019 at 01:13PM",,"https://maps.google.com/?q=53.33387421252122,-6.25497546931149&z=18"
Arrived At Work,"January 09, 2019 at 02:15PM",,"https://maps.google.com/?q=53.33399285914321,-6.2547336944427245&z=18"
Left Work,"January 09, 2019 at 03:12PM",,"https://maps.google.com/?q=53.33387421252122,-6.25497546931149&z=18"
Arrived At Work,"January 09, 2019 at 03:23PM",,"https://maps.google.com/?q=53.33399285914321,-6.2547336944427245&z=18"
Left Work,"January 09, 2019 at 06:13PM",,"https://maps.google.com/?q=53.33387421252122,-6.25497546931149&z=18"
Arrived Home,"January 09, 2019 at 06:45PM",,"https://maps.google.com/?q=53.36946943640538,-6.236269499999942&z=18"
Left Home,"January 10, 2019 at 08:42AM",,"https://maps.google.com/?q=53.36951553622526,-6.2363057&z=18"
Arrived At Work,"January 10, 2019 at 09:35AM",,"https://maps.google.com/?q=53.33399285914321,-6.2547336944427245&z=18"
Left Work,"January 10, 2019 at 06:36PM",,"https://maps.google.com/?q=53.33387421252122,-6.25497546931149&z=18"
Arrived Home,"January 10, 2019 at 07:12PM",,"https://maps.google.com/?q=53.36946943640538,-6.236269499999942&z=18"
Left Home,"January 11, 2019 at 07:55AM",,"https://maps.google.com/?q=53.36951553622526,-6.2363057&z=18"
Arrived At Work,"January 11, 2019 at 08:31AM",,"https://maps.google.com/?q=53.33399285914321,-6.2547336944427245&z=18"
Left Work,"January 11, 2019 at 01:09PM",,"https://maps.google.com/?q=53.33387421252122,-6.25497546931149&z=18"
Arrived At Work,"January 11, 2019 at 02:00PM",,"https://maps.google.com/?q=53.33399285914321,-6.2547336944427245&z=18"
Left Work,"January 11, 2019 at 05:06PM",,"https://maps.google.com/?q=53.33387421252122,-6.25497546931149&z=18"
Arrived Home,"January 11, 2019 at 06:02PM",,"https://maps.google.com/?q=53.36946943640538,-6.236269499999942&z=18"
Left Home,"January 12, 2019 at 11:43AM",,"https://maps.google.com/?q=53.36951553622526,-6.2363057&z=18"
Arrived Home,"January 12, 2019 at 02:12PM",,"https://maps.google.com/?q=53.36946943640538,-6.236269499999942&z=18"
Left Home,"January 13, 2019 at 03:42PM",,"https://maps.google.com/?q=53.36951553622526,-6.2363057&z=18"
Arrived Home,"January 13, 2019 at 05:19PM",,"https://maps.google.com/?q=53.36946943640538,-6.236269499999942&z=18"
Left Home,"January 14, 2019 at 07:59AM",,"https://maps.google.com/?q=53.36951553622526,-6.2363057&z=18"
Arrived At Work,"January 14, 2019 at 08:44AM",,"https://maps.google.com/?q=53.33399285914321,-6.2547336944427245&z=18"
Left Work,"January 14, 2019 at 05:09PM",,"https://maps.google.com/?q=53.33387421252122,-6.25497546931149&z=18"
Arrived Home,"January 14, 2019 at 05:58PM",,"https://maps.google.com/?q=53.36946943640538,-6.236269499999942&z=18"
Left Home,"January 15, 2019 at 08:34AM",,"https://maps.google.com/?q=53.36951553622526,-6.2363057&z=18"
Arrived At Work,"January 15, 2019 at 09:18AM",,"https://maps.google.com/?q=53.33399285914321,-6.2547336944427245&z=18"
Left Work,"January 15, 2019 at 01:04PM",,"https://maps.google.com/?q=53.33387421252122,-6.25497546931149&z=18"
Arrived At Work,"January 15, 2019 at 02:07PM",,"https://maps.google.com/?q=53.33399285914321,-6.2547336944427245&z=18"
Left Work,"January 15, 2019 at 06:39PM",,"https://maps.google.com/?q=53.33387421252122,-6.25497546931149&z=18"
Arrived Home,"January 15, 2019 at 07:24PM",,"https://maps.google.com/?q=53.36946943640538,-6.236269499999942&z=18"
Left Home,"January 15, 2019 at 10:04PM",,"https://maps.google.com/?q=53.36951553622526,-6.2363057&z=18"
Arrived Home,"January 15, 2019 at 10:30PM",,"https://maps.google.com/?q=53.36946943640538,-6.236269499999942&z=18"
Left Home,"January 16, 2019 at 08:43AM",,"https://maps.google.com/?q=53.36951553622526,-6.2363057&z=18"
Arrived At Work,"January 16, 2019 at 09:30AM",,"https://maps.google.com/?q=53.33399285914321,-6.2547336944427245&z=18"
Left Work,"January 16, 2019 at 01:19PM",,"https://maps.google.com/?q=53.33387421252122,-6.25497546931149&z=18"
Arrived At Work,"January 16, 2019 at 01:23PM",,"https://maps.google.com/?q=53.33399285914321,-6.2547336944427245&z=18"
Left Work,"January 16, 2019 at 06:41PM",,"https://maps.google.com/?q=53.33387421252122,-6.25497546931149&z=18"
Arrived Home,"January 16, 2019 at 07:16PM",,"https://maps.google.com/?q=53.36946943640538,-6.236269499999942&z=18"
Left Home,"January 17, 2019 at 08:42AM",,"https://maps.google.com/?q=53.36951553622526,-6.2363057&z=18"
Arrived At Work,"January 17, 2019 at 09:33AM",,"https://maps.google.com/?q=53.33399285914321,-6.2547336944427245&z=18"
Left Work,"January 17, 2019 at 01:22PM",,"https://maps.google.com/?q=53.33387421252122,-6.25497546931149&z=18"
Arrived At Work,"January 17, 2019 at 02:08PM",,"https://maps.google.com/?q=53.33399285914321,-6.2547336944427245&z=18"
Left Work,"January 17, 2019 at 06:46PM",,"https://maps.google.com/?q=53.33387421252122,-6.25497546931149&z=18"
Arrived Home,"January 17, 2019 at 07:24PM",,"https://maps.google.com/?q=53.36946943640538,-6.236269499999942&z=18"
Left Home,"January 18, 2019 at 07:57AM",,"https://maps.google.com/?q=53.36951553622526,-6.2363057&z=18"
Arrived At Work,"January 18, 2019 at 08:34AM",,"https://maps.google.com/?q=53.33399285914321,-6.2547336944427245&z=18"
Left Work,"January 18, 2019 at 01:20PM",,"https://maps.google.com/?q=53.33387421252122,-6.25497546931149&z=18"
Arrived At Work,"January 18, 2019 at 01:30PM",,"https://maps.google.com/?q=53.33399285914321,-6.2547336944427245&z=18"
Left Work,"January 18, 2019 at 05:06PM",,"https://maps.google.com/?q=53.33387421252122,-6.25497546931149&z=18"
Arrived Home,"January 18, 2019 at 05:59PM",,"https://maps.google.com/?q=53.36946943640538,-6.236269499999942&z=18"
Left Home,"January 19, 2019 at 12:23PM",,"https://maps.google.com/?q=53.36951553622526,-6.2363057&z=18"
Arrived Home,"January 19, 2019 at 02:03PM",,"https://maps.google.com/?q=53.36946943640538,-6.236269499999942&z=18"
Left Home,"January 20, 2019 at 10:30AM",,"https://maps.google.com/?q=53.36951553622526,-6.2363057&z=18"
Arrived Home,"January 20, 2019 at 11:35AM",,"https://maps.google.com/?q=53.36946943640538,-6.236269499999942&z=18"
Left Home,"January 21, 2019 at 07:56AM",,"https://maps.google.com/?q=53.36951553622526,-6.2363057&z=18"
Arrived At Work,"January 21, 2019 at 08:32AM",,"https://maps.google.com/?q=53.33399285914321,-6.2547336944427245&z=18"
Left Work,"January 21, 2019 at 05:06PM",,"https://maps.google.com/?q=53.33387421252122,-6.25497546931149&z=18"
Arrived Home,"January 21, 2019 at 05:56PM",,"https://maps.google.com/?q=53.36946943640538,-6.236269499999942&z=18"
Left Home,"January 22, 2019 at 08:47AM",,"https://maps.google.com/?q=53.36951553622526,-6.2363057&z=18"
Arrived At Work,"January 22, 2019 at 09:32AM",,"https://maps.google.com/?q=53.33399285914321,-6.2547336944427245&z=18"
Left Work,"January 22, 2019 at 01:12PM",,"https://maps.google.com/?q=53.33387421252122,-6.25497546931149&z=18"
Arrived At Work,"January 22, 2019 at 01:20PM",,"https://maps.google.com/?q=53.33399285914321,-6.2547336944427245&z=18"
Left Work,"January 22, 2019 at 06:36PM",,"https://maps.google.com/?q=53.33387421252122,-6.25497546931149&z=18"
Arrived Home,"January 22, 2019 at 07:12PM",,"https://maps.google.com/?q=53.36946943640538,-6.236269499999942&z=18"
Left Home,"January 23, 2019 at 08:56AM",,"https://maps.google.com/?q=53.36951553622526,-6.2363057&z=18"
Arrived At Work,"January 23, 2019 at 09:37AM",,"https://maps.google.com/?q=53.33399285914321,-6.2547336944427245&z=18"
Left Work,"January 23, 2019 at 01:08PM",,"https://maps.google.com/?q=53.33387421252122,-6.25497546931149&z=18"
Arrived At Work,"January 23, 2019 at 02:09PM",,"https://maps.google.com/?q=53.33399285914321,-6.2547336944427245&z=18"
Left Work,"January 23, 2019 at 06:08PM",,"https://maps.google.com/?q=53.33387421252122,-6.25497546931149&z=18"
Arrived Home,"January 23, 2019 at 06:41PM",,"https://maps.google.com/?q=53.36946943640538,-6.236269499999942&z=18"
Left Home,"January 24, 2019 at 07:51AM",,"https://maps.google.com/?q=53.36951553622526,-6.2363057&z=18"
Arrived At Work,"January 24, 2019 at 08:28AM",,"https://maps.google.com/?q=53.33399285914321,-6.2547336944427245&z=18"
Left Work,"January 24, 2019 at 01:08PM",,"https://maps.google.com/?q=53.33387421252122,-6.25497546931149&z=18"
Arrived At Work,"January 24, 2019 at 01:14PM",,"https://maps.google.com/?q=53.33399285914321,-6.2547336944427245&z=18"
Left Work,"January 24, 2019 at 05:06PM",,"https://maps.google.com/?q=53.33387421252122,-6.25497546931149&z=18"
Arrived Home,"January 24, 2019 at 06:04PM",,"https://maps.google.com/?q=53.36946943640538,-6.236269499999942&z=18"
Left Home,"January 25, 2019 at 08:41AM",,"https://maps.google.com/?q=53.36951553622526,-6.2363057&z=18"
Arrived At Work,"January 25, 2019 at 09:30AM",,"https://maps.google.com/?q=53.33399285914321,-6.2547336944427245&z=18"
Left Work,"January 25, 2019 at 01:08PM",,"https://maps.google.com/?q=53.33387421252122,-6.25497546931149&z=18"
Arrived At Work,"January 25, 2019 at 02:09PM",,"https://maps.google.com/?q=53.33399285914321,-6.2547336944427245&z=18"
Left Work,"January 25, 2019 at 06:07PM",,"https://maps.google.com/?q=53.33387421252122,-6.25497546931149&z=18"
Arrived Home,"January 25, 2019 at 06:58PM",,"https://maps.google.com/?q=53.36946943640538,-6.236269499999942&z=18"
Left Home,"January 26, 2019 at 04:26PM",,"https://maps.google.com/?q=53.36951553622526,-6.2363057&z=18"
Arrived Home,"January 26, 2019 at 05:32PM",,"https://maps.google.com/?q=53.36946943640538,-6.236269499999942&z=18"
Left Home,"January 26, 2019 at 06:11PM",,"https://maps.google.com/?q=53.36951553622526,-6.2363057&z=18"
Arrived Home,"January 27, 2019 at 12:58AM",,"https://maps.google.com/?q=53.36946943640538,-6.236269499999942&z=18"
Left Home,"January 27, 2019 at 12:14PM",,"https://maps.google.com/?q=53.36951553622526,-6.2363057&z=18"
Arrived Home,"January 27, 2019 at 06:21PM",,"https://maps.google.com/?q=53.36946943640538,-6.236269499999942&z=18"
Left Home,"January 28, 2019 at 07:58AM",,"https://maps.google.com/?q=53.36951553622526,-6.2363057&z=18"
Arrived At Work,"January 28, 2019 at 08:33AM",,"https://maps.google.com/?q=53.33399285914321,-6.2547336944427245&z=18"
Left Work,"January 28, 2019 at 01:20PM",,"https://maps.google.com/?q=53.33387421252122,-6.25497546931149&z=18"
Arrived At Work,"January 28, 2019 at 01:29PM",,"https://maps.google.com/?q=53.33399285914321,-6.2547336944427245&z=18"
Left Work,"January 28, 2019 at 05:07PM",,"https://maps.google.com/?q=53.33387421252122,-6.25497546931149&z=18"
Arrived Home,"January 28, 2019 at 06:00PM",,"https://maps.google.com/?q=53.36946943640538,-6.236269499999942&z=18"
Left Home,"January 28, 2019 at 06:39PM",,"https://maps.google.com/?q=53.36951553622526,-6.2363057&z=18"
Arrived Home,"January 28, 2019 at 07:56PM",,"https://maps.google.com/?q=53.36946943640538,-6.236269499999942&z=18"
Left Home,"January 29, 2019 at 08:40AM",,"https://maps.google.com/?q=53.36951553622526,-6.2363057&z=18"
Arrived At Work,"January 29, 2019 at 09:36AM",,"https://maps.google.com/?q=53.33399285914321,-6.2547336944427245&z=18"
Left Work,"January 29, 2019 at 01:26PM",,"https://maps.google.com/?q=53.33387421252122,-6.25497546931149&z=18"
Arrived At Work,"January 29, 2019 at 01:30PM",,"https://maps.google.com/?q=53.33399285914321,-6.2547336944427245&z=18"
Left Work,"January 29, 2019 at 06:14PM",,"https://maps.google.com/?q=53.33387421252122,-6.25497546931149&z=18"
Arrived Home,"January 29, 2019 at 06:56PM",,"https://maps.google.com/?q=53.36946943640538,-6.236269499999942&z=18"
Left Home,"January 30, 2019 at 08:48AM",,"https://maps.google.com/?q=53.36951553622526,-6.2363057&z=18"
Arrived At Work,"January 30, 2019 at 09:38AM",,"https://maps.google.com/?q=53.33399285914321,-6.2547336944427245&z=18"
Left Work,"January 30, 2019 at 01:06PM",,"https://maps.google.com/?q=53.33387421252122,-6.25497546931149&z=18"
Arrived At Work,"January 30, 2019 at 02:14PM",,"https://maps.google.com/?q=53.33399285914321,-6.2547336944427245&z=18"
Left Work,"January 30, 2019 at 06:11PM",,"https://maps.google.com/?q=53.33387421252122,-6.25497546931149&z=18"
Arrived Home,"January 30, 2019 at 07:02PM",,"https://maps.google.com/?q=53.36946943640538,-6.236269499999942&z=18"
Left Home,"January 31, 2019 at 08:51AM",,"https://maps.google.com/?q=53.36951553622526,-6.2363057&z=18"
Arrived At Work,"January 31, 2019 at 09:36AM",,"https://maps.google.com/?q=53.33399285914321,-6.2547336944427245&z=18"
Left Work,"January 31, 2019 at 01:12PM",,"https://maps.google.com/?q=53.33387421252122,-6.25497546931149&z=18"
Arrived At Work,"January 31, 2019 at 01:41PM",,"https://maps.google.com/?q=53.33399285914321,-6.2547336944427245&z=18"
Left Work,"January 31, 2019 at 06:08PM",,"https://maps.google.com/?q=53.33387421252122,-6.25497546931149&z=18"
Arrived Home,"January 31, 2019 at 07:04PM",,"https://maps.google.com/?q=53.36946943640538,-6.236269499999942&z=18"
Left Home,"February 01, 2019 at 08:06AM",,"https://maps.google.com/?q=53.36951553622526,-6.2363057&z=18"
Arrived At Work,"February 01, 2019 at 08:38AM",,"https://maps.google.com/?q=53.33399285914321,-6.2547336944427245&z=18"
Left Work,"February 01, 2019 at 01:37PM",,"https://maps.google.com/?q=53.33387421252122,-6.25497546931149&z=18"
Arrived At Work,"February 01, 2019 at 02:45PM",,"https://maps.google.com/?q=53.33399285914321,-6.2547336944427245&z=18"
Left Work,"February 01, 2019 at 05:03PM",,"https://maps.google.com/?q=53.33387421252122,-6.25497546931149&z=18"
Arrived Home,"February 01, 2019 at 06:05PM",,"https://maps.google.com/?q=53.36946943640538,-6.236269499999942&z=18"
Left Home,"February 01, 2019 at 08:00PM",,"https://maps.google.com/?q=53.36951553622526,-6.2363057&z=18"
Arrived Home,"February 03, 2019 at 09:34PM",,"https://maps.google.com/?q=53.36946943640538,-6.236269499999942&z=18"
Arrived At Work,"February 04, 2019 at 08:42AM",,"https://maps.google.com/?q=53.33399285914321,-6.2547336944427245&z=18"
Left Home,"February 04, 2019 at 08:09AM",,"https://maps.google.com/?q=53.36951553622526,-6.2363057&z=18"
Left Work,"February 04, 2019 at 05:06PM",,"https://maps.google.com/?q=53.33387421252122,-6.25497546931149&z=18"
Arrived Home,"February 04, 2019 at 06:07PM",,"https://maps.google.com/?q=53.36946943640538,-6.236269499999942&z=18"
Left Home,"February 05, 2019 at 08:39AM",,"https://maps.google.com/?q=53.36951553622526,-6.2363057&z=18"
Arrived At Work,"February 05, 2019 at 09:38AM",,"https://maps.google.com/?q=53.33399285914321,-6.2547336944427245&z=18"
Left Work,"February 05, 2019 at 01:09PM",,"https://maps.google.com/?q=53.33387421252122,-6.25497546931149&z=18"
Arrived At Work,"February 05, 2019 at 02:17PM",,"https://maps.google.com/?q=53.33399285914321,-6.2547336944427245&z=18"
Left Work,"February 05, 2019 at 06:04PM",,"https://maps.google.com/?q=53.33387421252122,-6.25497546931149&z=18"
Arrived Home,"February 05, 2019 at 06:53PM",,"https://maps.google.com/?q=53.36946943640538,-6.236269499999942&z=18"
Left Home,"February 06, 2019 at 08:42AM",,"https://maps.google.com/?q=53.36951553622526,-6.2363057&z=18"
Arrived At Work,"February 06, 2019 at 09:30AM",,"https://maps.google.com/?q=53.33399285914321,-6.2547336944427245&z=18"
Left Work,"February 06, 2019 at 01:15PM",,"https://maps.google.com/?q=53.33387421252122,-6.25497546931149&z=18"
Arrived At Work,"February 06, 2019 at 01:24PM",,"https://maps.google.com/?q=53.33399285914321,-6.2547336944427245&z=18"
Left Work,"February 06, 2019 at 06:24PM",,"https://maps.google.com/?q=53.33387421252122,-6.25497546931149&z=18"
Arrived Home,"February 06, 2019 at 07:07PM",,"https://maps.google.com/?q=53.36946943640538,-6.236269499999942&z=18"
Left Home,"February 07, 2019 at 08:45AM",,"https://maps.google.com/?q=53.36951553622526,-6.2363057&z=18"
Arrived At Work,"February 07, 2019 at 09:37AM",,"https://maps.google.com/?q=53.33399285914321,-6.2547336944427245&z=18"
Left Work,"February 07, 2019 at 01:06PM",,"https://maps.google.com/?q=53.33387421252122,-6.25497546931149&z=18"
Arrived At Work,"February 07, 2019 at 01:40PM",,"https://maps.google.com/?q=53.33399285914321,-6.2547336944427245&z=18"
Left Work,"February 07, 2019 at 06:15PM",,"https://maps.google.com/?q=53.33387421252122,-6.25497546931149&z=18"
Arrived Home,"February 07, 2019 at 06:56PM",,"https://maps.google.com/?q=53.36946943640538,-6.236269499999942&z=18"
Left Home,"February 07, 2019 at 07:58PM",,"https://maps.google.com/?q=53.36951553622526,-6.2363057&z=18"
Arrived Home,"February 07, 2019 at 09:17PM",,"https://maps.google.com/?q=53.36946943640538,-6.236269499999942&z=18"
Left Home,"February 08, 2019 at 08:04AM",,"https://maps.google.com/?q=53.36951553622526,-6.2363057&z=18"
Arrived At Work,"February 08, 2019 at 08:40AM",,"https://maps.google.com/?q=53.33399285914321,-6.2547336944427245&z=18"
Left Work,"February 08, 2019 at 01:07PM",,"https://maps.google.com/?q=53.33387421252122,-6.25497546931149&z=18"
Arrived At Work,"February 08, 2019 at 01:15PM",,"https://maps.google.com/?q=53.33399285914321,-6.2547336944427245&z=18"
Left Work,"February 08, 2019 at 05:10PM",,"https://maps.google.com/?q=53.33387421252122,-6.25497546931149&z=18"
Arrived Home,"February 08, 2019 at 05:51PM",,"https://maps.google.com/?q=53.36946943640538,-6.236269499999942&z=18"
Left Home,"February 09, 2019 at 01:45PM",,"https://maps.google.com/?q=53.36951553622526,-6.2363057&z=18"
Arrived Home,"February 09, 2019 at 07:15PM",,"https://maps.google.com/?q=53.36946943640538,-6.236269499999942&z=18"
Left Home,"February 10, 2019 at 01:01PM",,"https://maps.google.com/?q=53.36951553622526,-6.2363057&z=18"
Arrived Home,"February 10, 2019 at 02:44PM",,"https://maps.google.com/?q=53.36946943640538,-6.236269499999942&z=18"
Left Home,"February 11, 2019 at 07:53AM",,"https://maps.google.com/?q=53.36951553622526,-6.2363057&z=18"
Arrived At Work,"February 11, 2019 at 08:29AM",,"https://maps.google.com/?q=53.33399285914321,-6.2547336944427245&z=18"
Left Work,"February 11, 2019 at 01:12PM",,"https://maps.google.com/?q=53.33387421252122,-6.25497546931149&z=18"
Arrived At Work,"February 11, 2019 at 01:24PM",,"https://maps.google.com/?q=53.33399285914321,-6.2547336944427245&z=18"
Left Work,"February 11, 2019 at 05:07PM",,"https://maps.google.com/?q=53.33387421252122,-6.25497546931149&z=18"
Arrived Home,"February 11, 2019 at 06:02PM",,"https://maps.google.com/?q=53.36946943640538,-6.236269499999942&z=18"
Left Home,"February 12, 2019 at 08:44AM",,"https://maps.google.com/?q=53.36951553622526,-6.2363057&z=18"
Arrived At Work,"February 12, 2019 at 09:37AM",,"https://maps.google.com/?q=53.33399285914321,-6.2547336944427245&z=18"
Left Work,"February 12, 2019 at 01:20PM",,"https://maps.google.com/?q=53.33387421252122,-6.25497546931149&z=18"
Arrived At Work,"February 12, 2019 at 01:42PM",,"https://maps.google.com/?q=53.33399285914321,-6.2547336944427245&z=18"
Left Work,"February 12, 2019 at 06:15PM",,"https://maps.google.com/?q=53.33387421252122,-6.25497546931149&z=18"
Arrived Home,"February 12, 2019 at 07:15PM",,"https://maps.google.com/?q=53.36946943640538,-6.236269499999942&z=18"
Left Home,"February 13, 2019 at 08:43AM",,"https://maps.google.com/?q=53.36951553622526,-6.2363057&z=18"
Arrived At Work,"February 13, 2019 at 09:28AM",,"https://maps.google.com/?q=53.33399285914321,-6.2547336944427245&z=18"
Left Work,"February 13, 2019 at 01:07PM",,"https://maps.google.com/?q=53.33387421252122,-6.25497546931149&z=18"
Arrived At Work,"February 13, 2019 at 01:50PM",,"https://maps.google.com/?q=53.33399285914321,-6.2547336944427245&z=18"
Left Work,"February 13, 2019 at 06:20PM",,"https://maps.google.com/?q=53.33387421252122,-6.25497546931149&z=18"
Arrived Home,"February 13, 2019 at 06:55PM",,"https://maps.google.com/?q=53.36946943640538,-6.236269499999942&z=18"
Left Home,"February 14, 2019 at 08:29AM",,"https://maps.google.com/?q=53.36951553622526,-6.2363057&z=18"
Arrived At Work,"February 14, 2019 at 09:19AM",,"https://maps.google.com/?q=53.33399285914321,-6.2547336944427245&z=18"
Left Work,"February 14, 2019 at 01:04PM",,"https://maps.google.com/?q=53.33387421252122,-6.25497546931149&z=18"
Arrived At Work,"February 14, 2019 at 01:43PM",,"https://maps.google.com/?q=53.33399285914321,-6.2547336944427245&z=18"
Left Work,"February 14, 2019 at 06:12PM",,"https://maps.google.com/?q=53.33387421252122,-6.25497546931149&z=18"
Arrived Home,"February 14, 2019 at 06:44PM",,"https://maps.google.com/?q=53.36946943640538,-6.236269499999942&z=18"
Left Home,"February 15, 2019 at 10:48AM",,"https://maps.google.com/?q=53.36951553622526,-6.2363057&z=18"
Arrived Home,"February 15, 2019 at 11:09AM",,"https://maps.google.com/?q=53.36946943640538,-6.236269499999942&z=18"
Left Home,"February 15, 2019 at 12:19PM",,"https://maps.google.com/?q=53.36951553622526,-6.2363057&z=18"
Arrived Home,"February 16, 2019 at 02:22AM",,"https://maps.google.com/?q=53.36946943640538,-6.236269499999942&z=18"
Left Home,"February 17, 2019 at 12:58PM",,"https://maps.google.com/?q=53.36951553622526,-6.2363057&z=18"
Arrived Home,"February 17, 2019 at 01:43PM",,"https://maps.google.com/?q=53.36946943640538,-6.236269499999942&z=18"
Left Home,"February 18, 2019 at 07:54AM",,"https://maps.google.com/?q=53.36951553622526,-6.2363057&z=18"
Arrived At Work,"February 18, 2019 at 08:26AM",,"https://maps.google.com/?q=53.33399285914321,-6.2547336944427245&z=18"
Left Work,"February 18, 2019 at 01:03PM",,"https://maps.google.com/?q=53.33387421252122,-6.25497546931149&z=18"
Arrived At Work,"February 18, 2019 at 02:07PM",,"https://maps.google.com/?q=53.33399285914321,-6.2547336944427245&z=18"
Left Work,"February 18, 2019 at 05:06PM",,"https://maps.google.com/?q=53.33387421252122,-6.25497546931149&z=18"
Arrived Home,"February 18, 2019 at 06:01PM",,"https://maps.google.com/?q=53.36946943640538,-6.236269499999942&z=18"
Left Home,"February 19, 2019 at 08:53AM",,"https://maps.google.com/?q=53.36951553622526,-6.2363057&z=18"
Arrived At Work,"February 19, 2019 at 09:37AM",,"https://maps.google.com/?q=53.33399285914321,-6.2547336944427245&z=18"
Left Work,"February 19, 2019 at 01:09PM",,"https://maps.google.com/?q=53.33387421252122,-6.25497546931149&z=18"
Arrived At Work,"February 19, 2019 at 01:17PM",,"https://maps.google.com/?q=53.33399285914321,-6.2547336944427245&z=18"
Left Work,"February 19, 2019 at 06:32PM",,"https://maps.google.com/?q=53.33387421252122,-6.25497546931149&z=18"
Arrived Home,"February 19, 2019 at 07:11PM",,"https://maps.google.com/?q=53.36946943640538,-6.236269499999942&z=18"
Left Home,"February 20, 2019 at 08:46AM",,"https://maps.google.com/?q=53.36951553622526,-6.2363057&z=18"
Arrived At Work,"February 20, 2019 at 09:33AM",,"https://maps.google.com/?q=53.33399285914321,-6.2547336944427245&z=18"
Left Work,"February 20, 2019 at 01:07PM",,"https://maps.google.com/?q=53.33387421252122,-6.25497546931149&z=18"
Arrived At Work,"February 20, 2019 at 02:03PM",,"https://maps.google.com/?q=53.33399285914321,-6.2547336944427245&z=18"
Left Work,"February 20, 2019 at 06:17PM",,"https://maps.google.com/?q=53.33387421252122,-6.25497546931149&z=18"
Arrived Home,"February 20, 2019 at 07:01PM",,"https://maps.google.com/?q=53.36946943640538,-6.236269499999942&z=18"
Left Home,"February 21, 2019 at 08:45AM",,"https://maps.google.com/?q=53.36951553622526,-6.2363057&z=18"
Arrived At Work,"February 21, 2019 at 09:37AM",,"https://maps.google.com/?q=53.33399285914321,-6.2547336944427245&z=18"
Left Work,"February 21, 2019 at 01:15PM",,"https://maps.google.com/?q=53.33387421252122,-6.25497546931149&z=18"
Arrived At Work,"February 21, 2019 at 02:02PM",,"https://maps.google.com/?q=53.33399285914321,-6.2547336944427245&z=18"
Left Work,"February 21, 2019 at 05:49PM",,"https://maps.google.com/?q=53.33387421252122,-6.25497546931149&z=18"
Arrived Home,"February 21, 2019 at 06:24PM",,"https://maps.google.com/?q=53.36946943640538,-6.236269499999942&z=18"
Left Home,"February 22, 2019 at 08:04AM",,"https://maps.google.com/?q=53.36951553622526,-6.2363057&z=18"
Arrived At Work,"February 22, 2019 at 08:36AM",,"https://maps.google.com/?q=53.33399285914321,-6.2547336944427245&z=18"
Left Work,"February 22, 2019 at 01:11PM",,"https://maps.google.com/?q=53.33387421252122,-6.25497546931149&z=18"
Arrived At Work,"February 22, 2019 at 01:46PM",,"https://maps.google.com/?q=53.33399285914321,-6.2547336944427245&z=18"
Left Work,"February 22, 2019 at 05:08PM",,"https://maps.google.com/?q=53.33387421252122,-6.25497546931149&z=18"
Arrived Home,"February 22, 2019 at 05:58PM",,"https://maps.google.com/?q=53.36946943640538,-6.236269499999942&z=18"
Left Home,"February 23, 2019 at 03:22PM",,"https://maps.google.com/?q=53.36951553622526,-6.2363057&z=18"
Arrived Home,"February 23, 2019 at 05:19PM",,"https://maps.google.com/?q=53.36946943640538,-6.236269499999942&z=18"
Left Home,"February 23, 2019 at 08:15PM",,"https://maps.google.com/?q=53.36951553622526,-6.2363057&z=18"
Arrived Home,"February 24, 2019 at 10:49PM",,"https://maps.google.com/?q=53.36946943640538,-6.236269499999942&z=18"
Left Home,"February 24, 2019 at 11:01PM",,"https://maps.google.com/?q=53.36951553622526,-6.2363057&z=18"
Arrived Home,"February 24, 2019 at 11:31PM",,"https://maps.google.com/?q=53.36946943640538,-6.236269499999942&z=18"
Left Home,"February 25, 2019 at 07:51AM",,"https://maps.google.com/?q=53.36951553622526,-6.2363057&z=18"
Arrived At Work,"February 25, 2019 at 08:26AM",,"https://maps.google.com/?q=53.33399285914321,-6.2547336944427245&z=18"
Left Work,"February 25, 2019 at 01:09PM",,"https://maps.google.com/?q=53.33387421252122,-6.25497546931149&z=18"
Arrived At Work,"February 25, 2019 at 02:01PM",,"https://maps.google.com/?q=53.33399285914321,-6.2547336944427245&z=18"
Left Work,"February 25, 2019 at 05:04PM",,"https://maps.google.com/?q=53.33387421252122,-6.25497546931149&z=18"
Arrived Home,"February 25, 2019 at 06:04PM",,"https://maps.google.com/?q=53.36946943640538,-6.236269499999942&z=18"
Left Home,"February 26, 2019 at 08:47AM",,"https://maps.google.com/?q=53.36951553622526,-6.2363057&z=18"
Arrived At Work,"February 26, 2019 at 09:37AM",,"https://maps.google.com/?q=53.33399285914321,-6.2547336944427245&z=18"
Left Work,"February 26, 2019 at 10:19AM",,"https://maps.google.com/?q=53.33387421252122,-6.25497546931149&z=18"
Arrived At Work,"February 26, 2019 at 02:10PM",,"https://maps.google.com/?q=53.33399285914321,-6.2547336944427245&z=18"
Left Work,"February 26, 2019 at 06:20PM",,"https://maps.google.com/?q=53.33387421252122,-6.25497546931149&z=18"
Arrived Home,"February 26, 2019 at 07:04PM",,"https://maps.google.com/?q=53.36946943640538,-6.236269499999942&z=18"
Left Home,"February 27, 2019 at 08:46AM",,"https://maps.google.com/?q=53.36951553622526,-6.2363057&z=18"
Arrived At Work,"February 27, 2019 at 09:30AM",,"https://maps.google.com/?q=53.33399285914321,-6.2547336944427245&z=18"
Left Work,"February 27, 2019 at 01:11PM",,"https://maps.google.com/?q=53.33387421252122,-6.25497546931149&z=18"
Arrived At Work,"February 27, 2019 at 02:05PM",,"https://maps.google.com/?q=53.33399285914321,-6.2547336944427245&z=18"
Left Work,"February 27, 2019 at 06:35PM",,"https://maps.google.com/?q=53.33387421252122,-6.25497546931149&z=18"
Arrived Home,"February 27, 2019 at 07:09PM",,"https://maps.google.com/?q=53.36946943640538,-6.236269499999942&z=18"
Left Home,"February 27, 2019 at 07:14PM",,"https://maps.google.com/?q=53.36951553622526,-6.2363057&z=18"
Arrived Home,"February 27, 2019 at 08:32PM",,"https://maps.google.com/?q=53.36946943640538,-6.236269499999942&z=18"
Left Home,"February 28, 2019 at 08:44AM",,"https://maps.google.com/?q=53.36951553622526,-6.2363057&z=18"
Arrived At Work,"February 28, 2019 at 09:33AM",,"https://maps.google.com/?q=53.33399285914321,-6.2547336944427245&z=18"
Left Work,"February 28, 2019 at 12:54PM",,"https://maps.google.com/?q=53.33387421252122,-6.25497546931149&z=18"
Arrived At Work,"February 28, 2019 at 12:58PM",,"https://maps.google.com/?q=53.33399285914321,-6.2547336944427245&z=18"
Left Work,"February 28, 2019 at 01:34PM",,"https://maps.google.com/?q=53.33387421252122,-6.25497546931149&z=18"
Arrived At Work,"February 28, 2019 at 01:38PM",,"https://maps.google.com/?q=53.33399285914321,-6.2547336944427245&z=18"
Left Work,"February 28, 2019 at 01:39PM",,"https://maps.google.com/?q=53.33387421252122,-6.25497546931149&z=18"
Arrived At Work,"February 28, 2019 at 05:11PM",,"https://maps.google.com/?q=53.33399285914321,-6.2547336944427245&z=18"
Left Work,"February 28, 2019 at 06:08PM",,"https://maps.google.com/?q=53.33387421252122,-6.25497546931149&z=18"
Arrived Home,"February 28, 2019 at 06:44PM",,"https://maps.google.com/?q=53.36946943640538,-6.236269499999942&z=18"
Left Home,"March 1, 2019 at 08:03AM",,"https://maps.google.com/?q=53.36951553622526,-6.2363057&z=18"
Arrived At Work,"March 1, 2019 at 08:38AM",,"https://maps.google.com/?q=53.33399285914321,-6.2547336944427245&z=18"
Left Work,"March 1, 2019 at 01:04PM",,"https://maps.google.com/?q=53.33387421252122,-6.25497546931149&z=18"
Arrived At Work,"March 1, 2019 at 01:15PM",,"https://maps.google.com/?q=53.33399285914321,-6.2547336944427245&z=18"
Left Work,"March 1, 2019 at 05:05PM",,"https://maps.google.com/?q=53.33387421252122,-6.25497546931149&z=18"
Arrived Home,"March 1, 2019 at 06:05PM",,"https://maps.google.com/?q=53.36946943640538,-6.236269499999942&z=18"
Left Home,"March 3, 2019 at 04:26PM",,"https://maps.google.com/?q=53.36951553622526,-6.2363057&z=18"
Arrived Home,"March 3, 2019 at 06:16PM",,"https://maps.google.com/?q=53.36946943640538,-6.236269499999942&z=18"
Left Home,"March 4, 2019 at 07:52AM",,"https://maps.google.com/?q=53.36951553622526,-6.2363057&z=18"
Arrived At Work,"March 4, 2019 at 08:29AM",,"https://maps.google.com/?q=53.33399285914321,-6.2547336944427245&z=18"
Left Work,"March 4, 2019 at 01:00PM",,"https://maps.google.com/?q=53.33387421252122,-6.25497546931149&z=18"
Arrived At Work,"March 4, 2019 at 01:10PM",,"https://maps.google.com/?q=53.33399285914321,-6.2547336944427245&z=18"
Left Work,"March 4, 2019 at 05:06PM",,"https://maps.google.com/?q=53.33387421252122,-6.25497546931149&z=18"
Arrived Home,"March 4, 2019 at 06:04PM",,"https://maps.google.com/?q=53.36946943640538,-6.236269499999942&z=18"
Left Home,"March 5, 2019 at 08:47AM",,"https://maps.google.com/?q=53.36951553622526,-6.2363057&z=18"
Arrived At Work,"March 5, 2019 at 09:31AM",,"https://maps.google.com/?q=53.33399285914321,-6.2547336944427245&z=18"
Left Work,"March 5, 2019 at 01:33PM",,"https://maps.google.com/?q=53.33387421252122,-6.25497546931149&z=18"
Arrived At Work,"March 5, 2019 at 01:38PM",,"https://maps.google.com/?q=53.33399285914321,-6.2547336944427245&z=18"
Left Work,"March 5, 2019 at 06:05PM",,"https://maps.google.com/?q=53.33387421252122,-6.25497546931149&z=18"
Arrived Home,"March 5, 2019 at 06:47PM",,"https://maps.google.com/?q=53.36946943640538,-6.236269499999942&z=18"
Left Home,"March 6, 2019 at 08:47AM",,"https://maps.google.com/?q=53.36951553622526,-6.2363057&z=18"
Arrived At Work,"March 6, 2019 at 09:30AM",,"https://maps.google.com/?q=53.33399285914321,-6.2547336944427245&z=18"
Left Work,"March 6, 2019 at 01:14PM",,"https://maps.google.com/?q=53.33387421252122,-6.25497546931149&z=18"
Arrived At Work,"March 6, 2019 at 01:54PM",,"https://maps.google.com/?q=53.33399285914321,-6.2547336944427245&z=18"
Left Work,"March 6, 2019 at 06:25PM",,"https://maps.google.com/?q=53.33387421252122,-6.25497546931149&z=18"
Arrived Home,"March 6, 2019 at 07:00PM",,"https://maps.google.com/?q=53.36946943640538,-6.236269499999942&z=18"
Left Home,"March 7, 2019 at 08:48AM",,"https://maps.google.com/?q=53.36951553622526,-6.2363057&z=18"
Arrived At Work,"March 7, 2019 at 09:37AM",,"https://maps.google.com/?q=53.33399285914321,-6.2547336944427245&z=18"
Left Work,"March 7, 2019 at 01:05PM",,"https://maps.google.com/?q=53.33387421252122,-6.25497546931149&z=18"
Arrived At Work,"March 7, 2019 at 02:16PM",,"https://maps.google.com/?q=53.33399285914321,-6.2547336944427245&z=18"
Left Work,"March 7, 2019 at 06:52PM",,"https://maps.google.com/?q=53.33387421252122,-6.25497546931149&z=18"
Left Home,"March 7, 2019 at 07:30PM",,"https://maps.google.com/?q=53.36951553622526,-6.2363057&z=18"
Arrived Home,"March 7, 2019 at 07:30PM",,"https://maps.google.com/?q=53.36946943640538,-6.236269499999942&z=18"
Arrived Home,"March 7, 2019 at 07:37PM",,"https://maps.google.com/?q=53.36946943640538,-6.236269499999942&z=18"
Left Home,"March 8, 2019 at 08:07AM",,"https://maps.google.com/?q=53.36951553622526,-6.2363057&z=18"
Arrived At Work,"March 8, 2019 at 08:50AM",,"https://maps.google.com/?q=53.33399285914321,-6.2547336944427245&z=18"
Left Work,"March 8, 2019 at 01:06PM",,"https://maps.google.com/?q=53.33387421252122,-6.25497546931149&z=18"
Arrived At Work,"March 8, 2019 at 01:19PM",,"https://maps.google.com/?q=53.33399285914321,-6.2547336944427245&z=18"
Left Work,"March 8, 2019 at 05:08PM",,"https://maps.google.com/?q=53.33387421252122,-6.25497546931149&z=18"
Arrived Home,"March 8, 2019 at 06:06PM",,"https://maps.google.com/?q=53.36946943640538,-6.236269499999942&z=18"
Left Home,"March 9, 2019 at 05:53PM",,"https://maps.google.com/?q=53.36951553622526,-6.2363057&z=18"
Arrived Home,"March 9, 2019 at 06:08PM",,"https://maps.google.com/?q=53.36946943640538,-6.236269499999942&z=18"
Left Home,"March 10, 2019 at 03:01PM",,"https://maps.google.com/?q=53.36951553622526,-6.2363057&z=18"
Arrived Home,"March 10, 2019 at 07:39PM",,"https://maps.google.com/?q=53.36946943640538,-6.236269499999942&z=18"
Left Home,"March 11, 2019 at 07:59AM",,"https://maps.google.com/?q=53.36951553622526,-6.2363057&z=18"
Arrived At Work,"March 11, 2019 at 08:35AM",,"https://maps.google.com/?q=53.33399285914321,-6.2547336944427245&z=18"
Left Work,"March 11, 2019 at 01:12PM",,"https://maps.google.com/?q=53.33387421252122,-6.25497546931149&z=18"
Arrived At Work,"March 11, 2019 at 01:22PM",,"https://maps.google.com/?q=53.33399285914321,-6.2547336944427245&z=18"
Left Work,"March 11, 2019 at 05:13PM",,"https://maps.google.com/?q=53.33387421252122,-6.25497546931149&z=18"
Arrived Home,"March 11, 2019 at 06:00PM",,"https://maps.google.com/?q=53.36946943640538,-6.236269499999942&z=18"
Left Home,"March 12, 2019 at 09:19AM",,"https://maps.google.com/?q=53.36951553622526,-6.2363057&z=18"
Arrived Home,"March 12, 2019 at 12:58PM",,"https://maps.google.com/?q=53.36946943640538,-6.236269499999942&z=18"
Left Home,"March 12, 2019 at 05:24PM",,"https://maps.google.com/?q=53.36951553622526,-6.2363057&z=18"
Arrived Home,"March 12, 2019 at 05:49PM",,"https://maps.google.com/?q=53.36946943640538,-6.236269499999942&z=18"
Left Home,"March 12, 2019 at 10:52PM",,"https://maps.google.com/?q=53.36951553622526,-6.2363057&z=18"
Arrived Home,"March 12, 2019 at 11:12PM",,"https://maps.google.com/?q=53.36946943640538,-6.236269499999942&z=18"
Left Home,"March 13, 2019 at 08:55AM",,"https://maps.google.com/?q=53.36951553622526,-6.2363057&z=18"
Arrived At Work,"March 13, 2019 at 09:45AM",,"https://maps.google.com/?q=53.33399285914321,-6.2547336944427245&z=18"
Left Work,"March 13, 2019 at 01:11PM",,"https://maps.google.com/?q=53.33387421252122,-6.25497546931149&z=18"
Arrived At Work,"March 13, 2019 at 01:21PM",,"https://maps.google.com/?q=53.33399285914321,-6.2547336944427245&z=18"
Left Work,"March 13, 2019 at 06:25PM",,"https://maps.google.com/?q=53.33387421252122,-6.25497546931149&z=18"
Arrived Home,"March 13, 2019 at 07:04PM",,"https://maps.google.com/?q=53.36946943640538,-6.236269499999942&z=18"
Left Home,"March 14, 2019 at 08:47AM",,"https://maps.google.com/?q=53.36951553622526,-6.2363057&z=18"
Arrived At Work,"March 14, 2019 at 09:33AM",,"https://maps.google.com/?q=53.33399285914321,-6.2547336944427245&z=18"
Left Work,"March 14, 2019 at 06:23PM",,"https://maps.google.com/?q=53.33387421252122,-6.25497546931149&z=18"
Arrived Home,"March 14, 2019 at 06:58PM",,"https://maps.google.com/?q=53.36946943640538,-6.236269499999942&z=18"
Left Home,"March 15, 2019 at 07:59AM",,"https://maps.google.com/?q=53.36951553622526,-6.2363057&z=18"
Arrived At Work,"March 15, 2019 at 08:37AM",,"https://maps.google.com/?q=53.33399285914321,-6.2547336944427245&z=18"
Left Work,"March 15, 2019 at 01:09PM",,"https://maps.google.com/?q=53.33387421252122,-6.25497546931149&z=18"
Arrived At Work,"March 15, 2019 at 01:15PM",,"https://maps.google.com/?q=53.33399285914321,-6.2547336944427245&z=18"
Left Work,"March 15, 2019 at 05:11PM",,"https://maps.google.com/?q=53.33387421252122,-6.25497546931149&z=18"
Arrived Home,"March 15, 2019 at 11:50PM",,"https://maps.google.com/?q=53.36946943640538,-6.236269499999942&z=18"
Left Home,"March 16, 2019 at 12:00PM",,"https://maps.google.com/?q=53.36951553622526,-6.2363057&z=18"
Arrived Home,"March 16, 2019 at 12:56PM",,"https://maps.google.com/?q=53.36946943640538,-6.236269499999942&z=18"
Left Home,"March 18, 2019 at 12:37PM",,"https://maps.google.com/?q=53.36951553622526,-6.2363057&z=18"
Arrived Home,"March 18, 2019 at 02:54PM",,"https://maps.google.com/?q=53.36946943640538,-6.236269499999942&z=18"
Left Home,"March 19, 2019 at 08:49AM",,"https://maps.google.com/?q=53.36951553622526,-6.2363057&z=18"
Arrived At Work,"March 19, 2019 at 09:33AM",,"https://maps.google.com/?q=53.33399285914321,-6.2547336944427245&z=18"
Left Work,"March 19, 2019 at 01:06PM",,"https://maps.google.com/?q=53.33387421252122,-6.25497546931149&z=18"
Arrived At Work,"March 19, 2019 at 01:14PM",,"https://maps.google.com/?q=53.33399285914321,-6.2547336944427245&z=18"
Left Work,"March 19, 2019 at 06:19PM",,"https://maps.google.com/?q=53.33387421252122,-6.25497546931149&z=18"
Arrived Home,"March 19, 2019 at 06:56PM",,"https://maps.google.com/?q=53.36946943640538,-6.236269499999942&z=18"
Left Home,"March 19, 2019 at 07:18PM",,"https://maps.google.com/?q=53.36951553622526,-6.2363057&z=18"
Arrived Home,"March 19, 2019 at 07:26PM",,"https://maps.google.com/?q=53.36946943640538,-6.236269499999942&z=18"
Left Home,"March 19, 2019 at 07:30PM",,"https://maps.google.com/?q=53.36951553622526,-6.2363057&z=18"
Arrived Home,"March 19, 2019 at 08:25PM",,"https://maps.google.com/?q=53.36946943640538,-6.236269499999942&z=18"
Left Home,"March 20, 2019 at 08:54AM",,"https://maps.google.com/?q=53.36951553622526,-6.2363057&z=18"
Arrived At Work,"March 20, 2019 at 09:42AM",,"https://maps.google.com/?q=53.33399285914321,-6.2547336944427245&z=18"
Left Work,"March 20, 2019 at 01:09PM",,"https://maps.google.com/?q=53.33387421252122,-6.25497546931149&z=18"
Arrived At Work,"March 20, 2019 at 02:04PM",,"https://maps.google.com/?q=53.33399285914321,-6.2547336944427245&z=18"
Left Work,"March 20, 2019 at 06:22PM",,"https://maps.google.com/?q=53.33387421252122,-6.25497546931149&z=18"
Arrived Home,"March 20, 2019 at 07:08PM",,"https://maps.google.com/?q=53.36946943640538,-6.236269499999942&z=18"
Left Home,"March 21, 2019 at 08:50AM",,"https://maps.google.com/?q=53.36951553622526,-6.2363057&z=18"
Arrived At Work,"March 21, 2019 at 09:41AM",,"https://maps.google.com/?q=53.33399285914321,-6.2547336944427245&z=18"
Left Work,"March 21, 2019 at 01:09PM",,"https://maps.google.com/?q=53.33387421252122,-6.25497546931149&z=18"
Arrived At Work,"March 21, 2019 at 02:10PM",,"https://maps.google.com/?q=53.33399285914321,-6.2547336944427245&z=18"
Left Work,"March 21, 2019 at 06:18PM",,"https://maps.google.com/?q=53.33387421252122,-6.25497546931149&z=18"
Arrived Home,"March 21, 2019 at 06:54PM",,"https://maps.google.com/?q=53.36946943640538,-6.236269499999942&z=18"
Left Home,"March 22, 2019 at 08:01AM",,"https://maps.google.com/?q=53.36951553622526,-6.2363057&z=18"
Arrived At Work,"March 22, 2019 at 08:42AM",,"https://maps.google.com/?q=53.33399285914321,-6.2547336944427245&z=18"
Left Work,"March 22, 2019 at 01:11PM",,"https://maps.google.com/?q=53.33387421252122,-6.25497546931149&z=18"
Arrived At Work,"March 22, 2019 at 01:23PM",,"https://maps.google.com/?q=53.33399285914321,-6.2547336944427245&z=18"
Left Work,"March 22, 2019 at 05:06PM",,"https://maps.google.com/?q=53.33387421252122,-6.25497546931149&z=18"
Arrived Home,"March 22, 2019 at 06:09PM",,"https://maps.google.com/?q=53.36946943640538,-6.236269499999942&z=18"
Left Home,"March 23, 2019 at 11:50AM",,"https://maps.google.com/?q=53.36951553622526,-6.2363057&z=18"
Arrived Home,"March 23, 2019 at 01:39PM",,"https://maps.google.com/?q=53.36946943640538,-6.236269499999942&z=18"
Left Home,"March 25, 2019 at 08:07AM",,"https://maps.google.com/?q=53.36951553622526,-6.2363057&z=18"
Arrived At Work,"March 25, 2019 at 08:53AM",,"https://maps.google.com/?q=53.33399285914321,-6.2547336944427245&z=18"
Left Work,"March 25, 2019 at 01:07PM",,"https://maps.google.com/?q=53.33387421252122,-6.25497546931149&z=18"
Arrived At Work,"March 25, 2019 at 02:06PM",,"https://maps.google.com/?q=53.33399285914321,-6.2547336944427245&z=18"
Left Work,"March 25, 2019 at 05:07PM",,"https://maps.google.com/?q=53.33387421252122,-6.25497546931149&z=18"
Arrived Home,"March 25, 2019 at 06:03PM",,"https://maps.google.com/?q=53.36946943640538,-6.236269499999942&z=18"
Left Home,"March 26, 2019 at 08:47AM",,"https://maps.google.com/?q=53.36951553622526,-6.2363057&z=18"
Arrived At Work,"March 26, 2019 at 09:42AM",,"https://maps.google.com/?q=53.33399285914321,-6.2547336944427245&z=18"
Left Work,"March 26, 2019 at 01:01PM",,"https://maps.google.com/?q=53.33387421252122,-6.25497546931149&z=18"
Arrived At Work,"March 26, 2019 at 01:33PM",,"https://maps.google.com/?q=53.33399285914321,-6.2547336944427245&z=18"
Left Work,"March 26, 2019 at 06:08PM",,"https://maps.google.com/?q=53.33387421252122,-6.25497546931149&z=18"
Arrived Home,"March 26, 2019 at 06:45PM",,"https://maps.google.com/?q=53.36946943640538,-6.236269499999942&z=18"
Left Home,"March 27, 2019 at 08:57AM",,"https://maps.google.com/?q=53.36951553622526,-6.2363057&z=18"
Arrived At Work,"March 27, 2019 at 09:38AM",,"https://maps.google.com/?q=53.33399285914321,-6.2547336944427245&z=18"
Left Work,"March 27, 2019 at 01:05PM",,"https://maps.google.com/?q=53.33387421252122,-6.25497546931149&z=18"
Arrived At Work,"March 27, 2019 at 02:12PM",,"https://maps.google.com/?q=53.33399285914321,-6.2547336944427245&z=18"
Left Work,"March 27, 2019 at 06:42PM",,"https://maps.google.com/?q=53.33387421252122,-6.25497546931149&z=18"
Arrived Home,"March 27, 2019 at 07:19PM",,"https://maps.google.com/?q=53.36946943640538,-6.236269499999942&z=18"
Left Home,"March 28, 2019 at 08:41AM",,"https://maps.google.com/?q=53.36951553622526,-6.2363057&z=18"
Arrived At Work,"March 28, 2019 at 09:31AM",,"https://maps.google.com/?q=53.33399285914321,-6.2547336944427245&z=18"
Left Work,"March 28, 2019 at 01:42PM",,"https://maps.google.com/?q=53.33387421252122,-6.25497546931149&z=18"
Arrived At Work,"March 28, 2019 at 02:53PM",,"https://maps.google.com/?q=53.33399285914321,-6.2547336944427245&z=18"
Left Work,"March 28, 2019 at 06:24PM",,"https://maps.google.com/?q=53.33387421252122,-6.25497546931149&z=18"
Arrived Home,"March 28, 2019 at 06:59PM",,"https://maps.google.com/?q=53.36946943640538,-6.236269499999942&z=18"
Left Home,"March 29, 2019 at 07:54AM",,"https://maps.google.com/?q=53.36951553622526,-6.2363057&z=18"
Arrived At Work,"March 29, 2019 at 08:24AM",,"https://maps.google.com/?q=53.33399285914321,-6.2547336944427245&z=18"
Left Work,"March 29, 2019 at 01:29PM",,"https://maps.google.com/?q=53.33387421252122,-6.25497546931149&z=18"
Arrived At Work,"March 29, 2019 at 01:31PM",,"https://maps.google.com/?q=53.33399285914321,-6.2547336944427245&z=18"
Left Work,"March 29, 2019 at 05:09PM",,"https://maps.google.com/?q=53.33387421252122,-6.25497546931149&z=18"
Arrived Home,"March 29, 2019 at 07:18PM",,"https://maps.google.com/?q=53.36946943640538,-6.236269499999942&z=18"
Left Home,"March 30, 2019 at 11:02AM",,"https://maps.google.com/?q=53.36951553622526,-6.2363057&z=18"
Arrived Home,"March 30, 2019 at 04:31PM",,"https://maps.google.com/?q=53.36946943640538,-6.236269499999942&z=18"
Left Home,"March 31, 2019 at 11:03AM",,"https://maps.google.com/?q=53.36951553622526,-6.2363057&z=18"
Arrived Home,"March 31, 2019 at 12:16PM",,"https://maps.google.com/?q=53.36946943640538,-6.236269499999942&z=18"
Left Home,"April 1, 2019 at 08:52AM",,"https://maps.google.com/?q=53.36951553622526,-6.2363057&z=18"
Arrived At Work,"April 1, 2019 at 09:41AM",,"https://maps.google.com/?q=53.33399285914321,-6.2547336944427245&z=18"
Left Work,"April 1, 2019 at 01:13PM",,"https://maps.google.com/?q=53.33387421252122,-6.25497546931149&z=18"
Arrived At Work,"April 1, 2019 at 02:09PM",,"https://maps.google.com/?q=53.33399285914321,-6.2547336944427245&z=18"
Left Work,"April 1, 2019 at 06:21PM",,"https://maps.google.com/?q=53.33387421252122,-6.25497546931149&z=18"
Arrived Home,"April 1, 2019 at 07:02PM",,"https://maps.google.com/?q=53.36946943640538,-6.236269499999942&z=18"
Left Home,"April 2, 2019 at 07:57AM",,"https://maps.google.com/?q=53.36951553622526,-6.2363057&z=18"
Arrived At Work,"April 2, 2019 at 08:46AM",,"https://maps.google.com/?q=53.33399285914321,-6.2547336944427245&z=18"
Left Work,"April 2, 2019 at 01:07PM",,"https://maps.google.com/?q=53.33387421252122,-6.25497546931149&z=18"
Arrived At Work,"April 2, 2019 at 01:24PM",,"https://maps.google.com/?q=53.33399285914321,-6.2547336944427245&z=18"
Left Work,"April 2, 2019 at 05:10PM",,"https://maps.google.com/?q=53.33387421252122,-6.25497546931149&z=18"
Arrived Home,"April 2, 2019 at 05:58PM",,"https://maps.google.com/?q=53.36946943640538,-6.236269499999942&z=18"
Left Home,"April 3, 2019 at 08:49AM",,"https://maps.google.com/?q=53.36951553622526,-6.2363057&z=18"
Arrived At Work,"April 3, 2019 at 09:33AM",,"https://maps.google.com/?q=53.33399285914321,-6.2547336944427245&z=18"
Left Work,"April 3, 2019 at 01:12PM",,"https://maps.google.com/?q=53.33387421252122,-6.25497546931149&z=18"
Arrived At Work,"April 3, 2019 at 02:09PM",,"https://maps.google.com/?q=53.33399285914321,-6.2547336944427245&z=18"
Left Work,"April 3, 2019 at 06:23PM",,"https://maps.google.com/?q=53.33387421252122,-6.25497546931149&z=18"
Arrived Home,"April 3, 2019 at 07:01PM",,"https://maps.google.com/?q=53.36946943640538,-6.236269499999942&z=18"
Left Home,"April 4, 2019 at 07:46AM",,"https://maps.google.com/?q=53.36951553622526,-6.2363057&z=18"
Arrived Home,"April 4, 2019 at 09:04AM",,"https://maps.google.com/?q=53.36946943640538,-6.236269499999942&z=18"
Left Home,"April 4, 2019 at 09:10AM",,"https://maps.google.com/?q=53.36951553622526,-6.2363057&z=18"
Arrived At Work,"April 4, 2019 at 09:47AM",,"https://maps.google.com/?q=53.33399285914321,-6.2547336944427245&z=18"
Left Work,"April 4, 2019 at 01:12PM",,"https://maps.google.com/?q=53.33387421252122,-6.25497546931149&z=18"
Arrived At Work,"April 4, 2019 at 01:59PM",,"https://maps.google.com/?q=53.33399285914321,-6.2547336944427245&z=18"
Left Work,"April 4, 2019 at 06:26PM",,"https://maps.google.com/?q=53.33387421252122,-6.25497546931149&z=18"
Arrived Home,"April 4, 2019 at 07:02PM",,"https://maps.google.com/?q=53.36946943640538,-6.236269499999942&z=18"
Left Home,"April 5, 2019 at 08:47AM",,"https://maps.google.com/?q=53.36951553622526,-6.2363057&z=18"
Arrived At Work,"April 5, 2019 at 09:35AM",,"https://maps.google.com/?q=53.33399285914321,-6.2547336944427245&z=18"
Left Work,"April 5, 2019 at 01:12PM",,"https://maps.google.com/?q=53.33387421252122,-6.25497546931149&z=18"
Arrived At Work,"April 5, 2019 at 01:20PM",,"https://maps.google.com/?q=53.33399285914321,-6.2547336944427245&z=18"
Left Work,"April 5, 2019 at 06:10PM",,"https://maps.google.com/?q=53.33387421252122,-6.25497546931149&z=18"
Arrived Home,"April 6, 2019 at 12:00AM",,"https://maps.google.com/?q=53.36946943640538,-6.236269499999942&z=18"
Left Home,"April 6, 2019 at 12:39PM",,"https://maps.google.com/?q=53.36951553622526,-6.2363057&z=18"
Arrived Home,"April 6, 2019 at 03:40PM",,"https://maps.google.com/?q=53.36946943640538,-6.236269499999942&z=18"
Left Home,"April 7, 2019 at 12:50PM",,"https://maps.google.com/?q=53.36951553622526,-6.2363057&z=18"
Arrived Home,"April 7, 2019 at 01:41PM",,"https://maps.google.com/?q=53.36946943640538,-6.236269499999942&z=18"
Left Home,"April 7, 2019 at 04:36PM",,"https://maps.google.com/?q=53.36951553622526,-6.2363057&z=18"
Arrived Home,"April 7, 2019 at 07:54PM",,"https://maps.google.com/?q=53.36946943640538,-6.236269499999942&z=18"
Left Home,"April 8, 2019 at 08:32AM",,"https://maps.google.com/?q=53.36951553622526,-6.2363057&z=18"
Arrived At Work,"April 8, 2019 at 09:20AM",,"https://maps.google.com/?q=53.33399285914321,-6.2547336944427245&z=18"
Left Work,"April 8, 2019 at 06:08PM",,"https://maps.google.com/?q=53.33387421252122,-6.25497546931149&z=18"
Arrived Home,"April 8, 2019 at 06:43PM",,"https://maps.google.com/?q=53.36946943640538,-6.236269499999942&z=18"
Left Home,"April 9, 2019 at 08:00AM",,"https://maps.google.com/?q=53.36951553622526,-6.2363057&z=18"
Arrived At Work,"April 9, 2019 at 08:40AM",,"https://maps.google.com/?q=53.33399285914321,-6.2547336944427245&z=18"
Left Work,"April 9, 2019 at 01:05PM",,"https://maps.google.com/?q=53.33387421252122,-6.25497546931149&z=18"
Arrived At Work,"April 9, 2019 at 01:41PM",,"https://maps.google.com/?q=53.33399285914321,-6.2547336944427245&z=18"
Left Work,"April 9, 2019 at 05:06PM",,"https://maps.google.com/?q=53.33387421252122,-6.25497546931149&z=18"
Arrived Home,"April 9, 2019 at 06:02PM",,"https://maps.google.com/?q=53.36946943640538,-6.236269499999942&z=18"
Left Home,"April 10, 2019 at 08:31AM",,"https://maps.google.com/?q=53.36951553622526,-6.2363057&z=18"
Arrived At Work,"April 10, 2019 at 09:16AM",,"https://maps.google.com/?q=53.33399285914321,-6.2547336944427245&z=18"
Left Work,"April 10, 2019 at 01:16PM",,"https://maps.google.com/?q=53.33387421252122,-6.25497546931149&z=18"
Arrived At Work,"April 10, 2019 at 02:12PM",,"https://maps.google.com/?q=53.33399285914321,-6.2547336944427245&z=18"
Left Work,"April 10, 2019 at 06:06PM",,"https://maps.google.com/?q=53.33387421252122,-6.25497546931149&z=18"
Arrived Home,"April 10, 2019 at 07:01PM",,"https://maps.google.com/?q=53.36946943640538,-6.236269499999942&z=18"
Left Home,"April 11, 2019 at 08:37AM",,"https://maps.google.com/?q=53.36951553622526,-6.2363057&z=18"
Arrived At Work,"April 11, 2019 at 09:18AM",,"https://maps.google.com/?q=53.33399285914321,-6.2547336944427245&z=18"
Left Work,"April 11, 2019 at 01:20PM",,"https://maps.google.com/?q=53.33387421252122,-6.25497546931149&z=18"
Arrived At Work,"April 11, 2019 at 02:23PM",,"https://maps.google.com/?q=53.33399285914321,-6.2547336944427245&z=18"
Left Work,"April 11, 2019 at 06:09PM",,"https://maps.google.com/?q=53.33387421252122,-6.25497546931149&z=18"
Arrived Home,"April 11, 2019 at 10:35PM",,"https://maps.google.com/?q=53.36946943640538,-6.236269499999942&z=18"
Left Home,"April 12, 2019 at 08:06AM",,"https://maps.google.com/?q=53.36951553622526,-6.2363057&z=18"
Arrived At Work,"April 12, 2019 at 08:30AM",,"https://maps.google.com/?q=53.33399285914321,-6.2547336944427245&z=18"
Left Work,"April 12, 2019 at 01:07PM",,"https://maps.google.com/?q=53.33387421252122,-6.25497546931149&z=18"
Arrived At Work,"April 12, 2019 at 02:09PM",,"https://maps.google.com/?q=53.33399285914321,-6.2547336944427245&z=18"
Left Work,"April 12, 2019 at 05:08PM",,"https://maps.google.com/?q=53.33387421252122,-6.25497546931149&z=18"
Arrived Home,"April 12, 2019 at 06:00PM",,"https://maps.google.com/?q=53.36946943640538,-6.236269499999942&z=18"
Left Home,"April 12, 2019 at 08:49PM",,"https://maps.google.com/?q=53.36951553622526,-6.2363057&z=18"
Arrived Home,"April 12, 2019 at 09:03PM",,"https://maps.google.com/?q=53.36946943640538,-6.236269499999942&z=18"
Left Home,"April 13, 2019 at 09:54AM",,"https://maps.google.com/?q=53.36951553622526,-6.2363057&z=18"
Arrived Home,"April 13, 2019 at 12:22PM",,"https://maps.google.com/?q=53.36946943640538,-6.236269499999942&z=18"
Left Home,"April 13, 2019 at 05:27PM",,"https://maps.google.com/?q=53.36951553622526,-6.2363057&z=18"
Arrived Home,"April 13, 2019 at 05:35PM",,"https://maps.google.com/?q=53.36946943640538,-6.236269499999942&z=18"
Left Home,"April 14, 2019 at 12:29PM",,"https://maps.google.com/?q=53.36951553622526,-6.2363057&z=18"
Arrived Home,"April 14, 2019 at 02:54PM",,"https://maps.google.com/?q=53.36946943640538,-6.236269499999942&z=18"
Left Home,"April 15, 2019 at 08:00AM",,"https://maps.google.com/?q=53.36951553622526,-6.2363057&z=18"
Arrived At Work,"April 15, 2019 at 08:39AM",,"https://maps.google.com/?q=53.33399285914321,-6.2547336944427245&z=18"
Left Work,"April 15, 2019 at 01:06PM",,"https://maps.google.com/?q=53.33387421252122,-6.25497546931149&z=18"
Arrived At Work,"April 15, 2019 at 01:13PM",,"https://maps.google.com/?q=53.33399285914321,-6.2547336944427245&z=18"
Left Work,"April 15, 2019 at 05:07PM",,"https://maps.google.com/?q=53.33387421252122,-6.25497546931149&z=18"
Arrived Home,"April 15, 2019 at 05:54PM",,"https://maps.google.com/?q=53.36946943640538,-6.236269499999942&z=18"
Left Home,"April 16, 2019 at 08:38AM",,"https://maps.google.com/?q=53.36951553622526,-6.2363057&z=18"
Arrived At Work,"April 16, 2019 at 09:20AM",,"https://maps.google.com/?q=53.33399285914321,-6.2547336944427245&z=18"
Left Work,"April 16, 2019 at 01:07PM",,"https://maps.google.com/?q=53.33387421252122,-6.25497546931149&z=18"
Arrived At Work,"April 16, 2019 at 02:15PM",,"https://maps.google.com/?q=53.33399285914321,-6.2547336944427245&z=18"
Left Work,"April 16, 2019 at 06:21PM",,"https://maps.google.com/?q=53.33387421252122,-6.25497546931149&z=18"
Arrived Home,"April 16, 2019 at 07:00PM",,"https://maps.google.com/?q=53.36946943640538,-6.236269499999942&z=18"
Left Home,"April 17, 2019 at 08:52AM",,"https://maps.google.com/?q=53.36951553622526,-6.2363057&z=18"
Arrived At Work,"April 17, 2019 at 09:38AM",,"https://maps.google.com/?q=53.33399285914321,-6.2547336944427245&z=18"
Left Work,"April 17, 2019 at 11:15AM",,"https://maps.google.com/?q=53.33387421252122,-6.25497546931149&z=18"
Arrived At Work,"April 17, 2019 at 11:16AM",,"https://maps.google.com/?q=53.33399285914321,-6.2547336944427245&z=18"
Left Work,"April 17, 2019 at 01:14PM",,"https://maps.google.com/?q=53.33387421252122,-6.25497546931149&z=18"
Arrived At Work,"April 17, 2019 at 02:06PM",,"https://maps.google.com/?q=53.33399285914321,-6.2547336944427245&z=18"
Left Work,"April 17, 2019 at 06:20PM",,"https://maps.google.com/?q=53.33387421252122,-6.25497546931149&z=18"
Arrived Home,"April 17, 2019 at 07:06PM",,"https://maps.google.com/?q=53.36946943640538,-6.236269499999942&z=18"
Left Home,"April 18, 2019 at 08:44AM",,"https://maps.google.com/?q=53.36951553622526,-6.2363057&z=18"
Arrived At Work,"April 18, 2019 at 09:32AM",,"https://maps.google.com/?q=53.33399285914321,-6.2547336944427245&z=18"
Left Work,"April 18, 2019 at 01:09PM",,"https://maps.google.com/?q=53.33387421252122,-6.25497546931149&z=18"
Arrived At Work,"April 18, 2019 at 01:51PM",,"https://maps.google.com/?q=53.33399285914321,-6.2547336944427245&z=18"
Left Work,"April 18, 2019 at 05:58PM",,"https://maps.google.com/?q=53.33387421252122,-6.25497546931149&z=18"
Arrived Home,"April 18, 2019 at 06:46PM",,"https://maps.google.com/?q=53.36946943640538,-6.236269499999942&z=18"
Left Home,"April 18, 2019 at 09:07PM",,"https://maps.google.com/?q=53.36951553622526,-6.2363057&z=18"
Arrived Home,"April 21, 2019 at 10:30PM",,"https://maps.google.com/?q=53.36946943640538,-6.236269499999942&z=18"
Left Home,"April 22, 2019 at 11:41AM",,"https://maps.google.com/?q=53.36951553622526,-6.2363057&z=18"
Arrived Home,"April 22, 2019 at 02:59PM",,"https://maps.google.com/?q=53.36946943640538,-6.236269499999942&z=18"
Left Home,"April 23, 2019 at 08:36AM",,"https://maps.google.com/?q=53.36951553622526,-6.2363057&z=18"
Arrived At Work,"April 23, 2019 at 09:13AM",,"https://maps.google.com/?q=53.33399285914321,-6.2547336944427245&z=18"
Left Work,"April 23, 2019 at 01:07PM",,"https://maps.google.com/?q=53.33387421252122,-6.25497546931149&z=18"
Arrived At Work,"April 23, 2019 at 02:12PM",,"https://maps.google.com/?q=53.33399285914321,-6.2547336944427245&z=18"
Left Work,"April 23, 2019 at 06:14PM",,"https://maps.google.com/?q=53.33387421252122,-6.25497546931149&z=18"
Arrived Home,"April 23, 2019 at 06:55PM",,"https://maps.google.com/?q=53.36946943640538,-6.236269499999942&z=18"
Left Home,"April 24, 2019 at 08:40AM",,"https://maps.google.com/?q=53.36951553622526,-6.2363057&z=18"
Arrived At Work,"April 24, 2019 at 09:31AM",,"https://maps.google.com/?q=53.33399285914321,-6.2547336944427245&z=18"
Left Work,"April 24, 2019 at 01:06PM",,"https://maps.google.com/?q=53.33387421252122,-6.25497546931149&z=18"
Arrived At Work,"April 24, 2019 at 02:07PM",,"https://maps.google.com/?q=53.33399285914321,-6.2547336944427245&z=18"
Left Work,"April 24, 2019 at 06:34PM",,"https://maps.google.com/?q=53.33387421252122,-6.25497546931149&z=18"
Arrived Home,"April 24, 2019 at 07:11PM",,"https://maps.google.com/?q=53.36946943640538,-6.236269499999942&z=18"
Left Home,"April 25, 2019 at 08:44AM",,"https://maps.google.com/?q=53.36951553622526,-6.2363057&z=18"
Arrived At Work,"April 25, 2019 at 09:33AM",,"https://maps.google.com/?q=53.33399285914321,-6.2547336944427245&z=18"
Arrived At Work,"April 25, 2019 at 01:09PM",,"https://maps.google.com/?q=53.33399285914321,-6.2547336944427245&z=18"
Left Work,"April 25, 2019 at 01:06PM",,"https://maps.google.com/?q=53.33387421252122,-6.25497546931149&z=18"
Left Work,"April 25, 2019 at 06:08PM",,"https://maps.google.com/?q=53.33387421252122,-6.25497546931149&z=18"
Arrived Home,"April 25, 2019 at 07:08PM",,"https://maps.google.com/?q=53.36946943640538,-6.236269499999942&z=18"
Left Home,"April 26, 2019 at 08:39AM",,"https://maps.google.com/?q=53.36951553622526,-6.2363057&z=18"
Arrived At Work,"April 26, 2019 at 09:33AM",,"https://maps.google.com/?q=53.33399285914321,-6.2547336944427245&z=18"
Left Work,"April 26, 2019 at 01:13PM",,"https://maps.google.com/?q=53.33387421252122,-6.25497546931149&z=18"
Arrived At Work,"April 26, 2019 at 02:03PM",,"https://maps.google.com/?q=53.33399285914321,-6.2547336944427245&z=18"
Left Work,"April 26, 2019 at 05:10PM",,"https://maps.google.com/?q=53.33387421252122,-6.25497546931149&z=18"
Arrived Home,"April 26, 2019 at 11:35PM",,"https://maps.google.com/?q=53.36946943640538,-6.236269499999942&z=18"
Left Home,"April 27, 2019 at 05:18PM",,"https://maps.google.com/?q=53.36951553622526,-6.2363057&z=18"
Arrived Home,"April 27, 2019 at 07:13PM",,"https://maps.google.com/?q=53.36946943640538,-6.236269499999942&z=18"
Left Home,"April 28, 2019 at 04:37PM",,"https://maps.google.com/?q=53.36951553622526,-6.2363057&z=18"
Arrived Home,"April 28, 2019 at 08:22PM",,"https://maps.google.com/?q=53.36946943640538,-6.236269499999942&z=18"
Left Home,"April 29, 2019 at 08:18AM",,"https://maps.google.com/?q=53.36951553622526,-6.2363057&z=18"
Arrived At Work,"April 29, 2019 at 08:50AM",,"https://maps.google.com/?q=53.33399285914321,-6.2547336944427245&z=18"
Left Work,"April 29, 2019 at 01:08PM",,"https://maps.google.com/?q=53.33387421252122,-6.25497546931149&z=18"
Arrived At Work,"April 29, 2019 at 01:17PM",,"https://maps.google.com/?q=53.33399285914321,-6.2547336944427245&z=18"
Left Work,"April 29, 2019 at 05:16PM",,"https://maps.google.com/?q=53.33387421252122,-6.25497546931149&z=18"
Arrived At Work,"April 29, 2019 at 05:20PM",,"https://maps.google.com/?q=53.33399285914321,-6.2547336944427245&z=18"
Left Work,"April 29, 2019 at 05:22PM",,"https://maps.google.com/?q=53.33387421252122,-6.25497546931149&z=18"
Arrived Home,"April 29, 2019 at 06:06PM",,"https://maps.google.com/?q=53.36946943640538,-6.236269499999942&z=18"
Left Home,"April 30, 2019 at 08:51AM",,"https://maps.google.com/?q=53.36951553622526,-6.2363057&z=18"
Arrived At Work,"April 30, 2019 at 09:37AM",,"https://maps.google.com/?q=53.33399285914321,-6.2547336944427245&z=18"
Left Work,"April 30, 2019 at 01:28PM",,"https://maps.google.com/?q=53.33387421252122,-6.25497546931149&z=18"
Arrived At Work,"April 30, 2019 at 01:31PM",,"https://maps.google.com/?q=53.33399285914321,-6.2547336944427245&z=18"
Left Work,"April 30, 2019 at 06:21PM",,"https://maps.google.com/?q=53.33387421252122,-6.25497546931149&z=18"
Arrived Home,"April 30, 2019 at 06:51PM",,"https://maps.google.com/?q=53.36946943640538,-6.236269499999942&z=18"
Left Home,"May 1, 2019 at 08:44AM",,"https://maps.google.com/?q=53.36951553622526,-6.2363057&z=18"
Arrived Home,"May 1, 2019 at 08:46AM",,"https://maps.google.com/?q=53.36946943640538,-6.236269499999942&z=18"
Left Home,"May 1, 2019 at 08:51AM",,"https://maps.google.com/?q=53.36951553622526,-6.2363057&z=18"
Arrived At Work,"May 1, 2019 at 09:31AM",,"https://maps.google.com/?q=53.33399285914321,-6.2547336944427245&z=18"
Left Work,"May 1, 2019 at 01:12PM",,"https://maps.google.com/?q=53.33387421252122,-6.25497546931149&z=18"
Arrived At Work,"May 1, 2019 at 02:16PM",,"https://maps.google.com/?q=53.33399285914321,-6.2547336944427245&z=18"
Left Work,"May 1, 2019 at 06:43PM",,"https://maps.google.com/?q=53.33387421252122,-6.25497546931149&z=18"
Arrived Home,"May 1, 2019 at 07:23PM",,"https://maps.google.com/?q=53.36946943640538,-6.236269499999942&z=18"
Left Home,"May 2, 2019 at 08:48AM",,"https://maps.google.com/?q=53.36951553622526,-6.2363057&z=18"
Arrived At Work,"May 2, 2019 at 09:32AM",,"https://maps.google.com/?q=53.33399285914321,-6.2547336944427245&z=18"
Left Work,"May 2, 2019 at 01:16PM",,"https://maps.google.com/?q=53.33387421252122,-6.25497546931149&z=18"
Arrived At Work,"May 2, 2019 at 02:14PM",,"https://maps.google.com/?q=53.33399285914321,-6.2547336944427245&z=18"
Left Work,"May 2, 2019 at 06:18PM",,"https://maps.google.com/?q=53.33387421252122,-6.25497546931149&z=18"
Arrived Home,"May 2, 2019 at 06:55PM",,"https://maps.google.com/?q=53.36946943640538,-6.236269499999942&z=18"
Left Home,"May 3, 2019 at 09:41AM",,"https://maps.google.com/?q=53.36951553622526,-6.2363057&z=18"
Arrived At Work,"May 3, 2019 at 11:25AM",,"https://maps.google.com/?q=53.33399285914321,-6.2547336944427245&z=18"
Left Work,"May 3, 2019 at 01:13PM",,"https://maps.google.com/?q=53.33387421252122,-6.25497546931149&z=18"
Arrived At Work,"May 3, 2019 at 01:24PM",,"https://maps.google.com/?q=53.33399285914321,-6.2547336944427245&z=18"
Left Work,"May 3, 2019 at 06:23PM",,"https://maps.google.com/?q=53.33387421252122,-6.25497546931149&z=18"
Arrived Home,"May 3, 2019 at 07:04PM",,"https://maps.google.com/?q=53.36946943640538,-6.236269499999942&z=18"
Left Home,"May 5, 2019 at 10:00AM",,"https://maps.google.com/?q=53.36951553622526,-6.2363057&z=18"
Arrived Home,"May 5, 2019 at 12:11PM",,"https://maps.google.com/?q=53.36946943640538,-6.236269499999942&z=18"
Arrived Home,"May 6, 2019 at 06:07PM",,"https://maps.google.com/?q=53.36946943640538,-6.236269499999942&z=18"
Left Home,"May 6, 2019 at 06:03PM",,"https://maps.google.com/?q=53.36951553622526,-6.2363057&z=18"
Left Home,"May 7, 2019 at 08:08AM",,"https://maps.google.com/?q=53.36951553622526,-6.2363057&z=18"
Arrived At Work,"May 7, 2019 at 08:56AM",,"https://maps.google.com/?q=53.33399285914321,-6.2547336944427245&z=18"
Left Work,"May 7, 2019 at 01:06PM",,"https://maps.google.com/?q=53.33387421252122,-6.25497546931149&z=18"
Arrived At Work,"May 7, 2019 at 02:01PM",,"https://maps.google.com/?q=53.33399285914321,-6.2547336944427245&z=18"
Left Work,"May 7, 2019 at 05:05PM",,"https://maps.google.com/?q=53.33387421252122,-6.25497546931149&z=18"
Arrived Home,"May 7, 2019 at 05:54PM",,"https://maps.google.com/?q=53.36946943640538,-6.236269499999942&z=18"
Left Home,"May 8, 2019 at 08:40AM",,"https://maps.google.com/?q=53.36951553622526,-6.2363057&z=18"
Arrived At Work,"May 8, 2019 at 09:28AM",,"https://maps.google.com/?q=53.33399285914321,-6.2547336944427245&z=18"
Left Work,"May 8, 2019 at 06:16PM",,"https://maps.google.com/?q=53.33387421252122,-6.25497546931149&z=18"
Arrived Home,"May 8, 2019 at 06:43PM",,"https://maps.google.com/?q=53.36946943640538,-6.236269499999942&z=18"
Left Home,"May 9, 2019 at 08:51AM",,"https://maps.google.com/?q=53.36951553622526,-6.2363057&z=18"
Arrived At Work,"May 9, 2019 at 09:35AM",,"https://maps.google.com/?q=53.33399285914321,-6.2547336944427245&z=18"
Arrived At Work,"May 9, 2019 at 01:14PM",,"https://maps.google.com/?q=53.33399285914321,-6.2547336944427245&z=18"
Left Work,"May 9, 2019 at 01:13PM",,"https://maps.google.com/?q=53.33387421252122,-6.25497546931149&z=18"
Left Work,"May 9, 2019 at 06:13PM",,"https://maps.google.com/?q=53.33387421252122,-6.25497546931149&z=18"
Arrived Home,"May 9, 2019 at 07:01PM",,"https://maps.google.com/?q=53.36946943640538,-6.236269499999942&z=18"
Arrived Home,"May 9, 2019 at 07:01PM",,"https://maps.google.com/?q=53.36946943640538,-6.236269499999942&z=18"
Left Home,"May 10, 2019 at 08:03AM",,"https://maps.google.com/?q=53.36951553622526,-6.2363057&z=18"
Arrived At Work,"May 10, 2019 at 08:37AM",,"https://maps.google.com/?q=53.33399285914321,-6.2547336944427245&z=18"
Left Work,"May 10, 2019 at 01:10PM",,"https://maps.google.com/?q=53.33387421252122,-6.25497546931149&z=18"
Arrived At Work,"May 10, 2019 at 02:04PM",,"https://maps.google.com/?q=53.33399285914321,-6.2547336944427245&z=18"
Left Work,"May 10, 2019 at 05:06PM",,"https://maps.google.com/?q=53.33387421252122,-6.25497546931149&z=18"
Arrived Home,"May 10, 2019 at 06:04PM",,"https://maps.google.com/?q=53.36946943640538,-6.236269499999942&z=18"
Left Home,"May 11, 2019 at 12:07PM",,"https://maps.google.com/?q=53.36951553622526,-6.2363057&z=18"
Arrived Home,"May 11, 2019 at 02:20PM",,"https://maps.google.com/?q=53.36946943640538,-6.236269499999942&z=18"
Left Home,"May 12, 2019 at 09:47AM",,"https://maps.google.com/?q=53.36951553622526,-6.2363057&z=18"
Arrived Home,"May 12, 2019 at 01:52PM",,"https://maps.google.com/?q=53.36946943640538,-6.236269499999942&z=18"
Left Home,"May 13, 2019 at 07:58AM",,"https://maps.google.com/?q=53.36951553622526,-6.2363057&z=18"
Arrived At Work,"May 13, 2019 at 08:35AM",,"https://maps.google.com/?q=53.33399285914321,-6.2547336944427245&z=18"
Left Work,"May 13, 2019 at 01:10PM",,"https://maps.google.com/?q=53.33387421252122,-6.25497546931149&z=18"
Arrived At Work,"May 13, 2019 at 02:12PM",,"https://maps.google.com/?q=53.33399285914321,-6.2547336944427245&z=18"
Left Work,"May 13, 2019 at 05:07PM",,"https://maps.google.com/?q=53.33387421252122,-6.25497546931149&z=18"
Arrived Home,"May 13, 2019 at 05:59PM",,"https://maps.google.com/?q=53.36946943640538,-6.236269499999942&z=18"
Left Home,"May 14, 2019 at 08:42AM",,"https://maps.google.com/?q=53.36951553622526,-6.2363057&z=18"
Arrived At Work,"May 14, 2019 at 09:31AM",,"https://maps.google.com/?q=53.33399285914321,-6.2547336944427245&z=18"
Left Work,"May 14, 2019 at 01:10PM",,"https://maps.google.com/?q=53.33387421252122,-6.25497546931149&z=18"
Arrived At Work,"May 14, 2019 at 02:07PM",,"https://maps.google.com/?q=53.33399285914321,-6.2547336944427245&z=18"
Left Work,"May 14, 2019 at 06:10PM",,"https://maps.google.com/?q=53.33387421252122,-6.25497546931149&z=18"
Arrived Home,"May 14, 2019 at 06:57PM",,"https://maps.google.com/?q=53.36946943640538,-6.236269499999942&z=18"
Left Home,"May 14, 2019 at 07:08PM",,"https://maps.google.com/?q=53.36951553622526,-6.2363057&z=18"
Arrived Home,"May 14, 2019 at 08:29PM",,"https://maps.google.com/?q=53.36946943640538,-6.236269499999942&z=18"
Left Home,"May 15, 2019 at 08:44AM",,"https://maps.google.com/?q=53.36951553622526,-6.2363057&z=18"
Arrived At Work,"May 15, 2019 at 09:31AM",,"https://maps.google.com/?q=53.33399285914321,-6.2547336944427245&z=18"
Left Work,"May 15, 2019 at 09:49AM",,"https://maps.google.com/?q=53.33387421252122,-6.25497546931149&z=18"
Arrived At Work,"May 15, 2019 at 01:11PM",,"https://maps.google.com/?q=53.33399285914321,-6.2547336944427245&z=18"
Left Work,"May 15, 2019 at 01:16PM",,"https://maps.google.com/?q=53.33387421252122,-6.25497546931149&z=18"
Arrived At Work,"May 15, 2019 at 02:15PM",,"https://maps.google.com/?q=53.33399285914321,-6.2547336944427245&z=18"
Left Work,"May 15, 2019 at 06:19PM",,"https://maps.google.com/?q=53.33387421252122,-6.25497546931149&z=18"
Arrived Home,"May 15, 2019 at 06:54PM",,"https://maps.google.com/?q=53.36946943640538,-6.236269499999942&z=18"
Left Home,"May 16, 2019 at 08:50AM",,"https://maps.google.com/?q=53.36951553622526,-6.2363057&z=18"
Arrived At Work,"May 16, 2019 at 09:38AM",,"https://maps.google.com/?q=53.33399285914321,-6.2547336944427245&z=18"
Left Work,"May 16, 2019 at 01:06PM",,"https://maps.google.com/?q=53.33387421252122,-6.25497546931149&z=18"
Arrived At Work,"May 16, 2019 at 01:14PM",,"https://maps.google.com/?q=53.33399285914321,-6.2547336944427245&z=18"
Left Work,"May 16, 2019 at 06:10PM",,"https://maps.google.com/?q=53.33387421252122,-6.25497546931149&z=18"
Arrived Home,"May 16, 2019 at 07:07PM",,"https://maps.google.com/?q=53.36946943640538,-6.236269499999942&z=18"
Left Home,"May 17, 2019 at 08:23AM",,"https://maps.google.com/?q=53.36951553622526,-6.2363057&z=18"
Arrived At Work,"May 17, 2019 at 08:55AM",,"https://maps.google.com/?q=53.33399285914321,-6.2547336944427245&z=18"
Left Work,"May 17, 2019 at 05:06PM",,"https://maps.google.com/?q=53.33387421252122,-6.25497546931149&z=18"
Arrived Home,"May 17, 2019 at 06:03PM",,"https://maps.google.com/?q=53.36946943640538,-6.236269499999942&z=18"
Left Home,"May 18, 2019 at 12:56PM",,"https://maps.google.com/?q=53.36951553622526,-6.2363057&z=18"
Arrived Home,"May 18, 2019 at 05:33PM",,"https://maps.google.com/?q=53.36946943640538,-6.236269499999942&z=18"
Left Home,"May 19, 2019 at 05:59PM",,"https://maps.google.com/?q=53.36951553622526,-6.2363057&z=18"
Arrived Home,"May 19, 2019 at 08:43PM",,"https://maps.google.com/?q=53.36946943640538,-6.236269499999942&z=18"
Left Home,"May 20, 2019 at 07:55AM",,"https://maps.google.com/?q=53.36951553622526,-6.2363057&z=18"
Arrived At Work,"May 20, 2019 at 08:40AM",,"https://maps.google.com/?q=53.33399285914321,-6.2547336944427245&z=18"
Left Work,"May 20, 2019 at 01:10PM",,"https://maps.google.com/?q=53.33387421252122,-6.25497546931149&z=18"
Arrived At Work,"May 20, 2019 at 02:15PM",,"https://maps.google.com/?q=53.33399285914321,-6.2547336944427245&z=18"
Left Work,"May 20, 2019 at 05:07PM",,"https://maps.google.com/?q=53.33387421252122,-6.25497546931149&z=18"
Arrived Home,"May 20, 2019 at 06:02PM",,"https://maps.google.com/?q=53.36946943640538,-6.236269499999942&z=18"
Left Home,"May 21, 2019 at 08:51AM",,"https://maps.google.com/?q=53.36951553622526,-6.2363057&z=18"
Arrived At Work,"May 21, 2019 at 09:39AM",,"https://maps.google.com/?q=53.33399285914321,-6.2547336944427245&z=18"
Left Work,"May 21, 2019 at 01:11PM",,"https://maps.google.com/?q=53.33387421252122,-6.25497546931149&z=18"
Arrived At Work,"May 21, 2019 at 02:08PM",,"https://maps.google.com/?q=53.33399285914321,-6.2547336944427245&z=18"
Left Work,"May 21, 2019 at 02:26PM",,"https://maps.google.com/?q=53.33387421252122,-6.25497546931149&z=18"
Arrived Home,"May 21, 2019 at 07:09PM",,"https://maps.google.com/?q=53.36946943640538,-6.236269499999942&z=18"
Left Home,"May 22, 2019 at 08:49AM",,"https://maps.google.com/?q=53.36951553622526,-6.2363057&z=18"
Arrived At Work,"May 22, 2019 at 09:38AM",,"https://maps.google.com/?q=53.33399285914321,-6.2547336944427245&z=18"
Left Work,"May 22, 2019 at 01:06PM",,"https://maps.google.com/?q=53.33387421252122,-6.25497546931149&z=18"
Arrived At Work,"May 22, 2019 at 02:15PM",,"https://maps.google.com/?q=53.33399285914321,-6.2547336944427245&z=18"
Left Work,"May 22, 2019 at 06:08PM",,"https://maps.google.com/?q=53.33387421252122,-6.25497546931149&z=18"
Arrived Home,"May 22, 2019 at 06:53PM",,"https://maps.google.com/?q=53.36946943640538,-6.236269499999942&z=18"
Left Home,"May 23, 2019 at 08:11AM",,"https://maps.google.com/?q=53.36951553622526,-6.2363057&z=18"
Arrived At Work,"May 23, 2019 at 09:04AM",,"https://maps.google.com/?q=53.33399285914321,-6.2547336944427245&z=18"
Left Work,"May 23, 2019 at 01:08PM",,"https://maps.google.com/?q=53.33387421252122,-6.25497546931149&z=18"
Arrived At Work,"May 23, 2019 at 01:15PM",,"https://maps.google.com/?q=53.33399285914321,-6.2547336944427245&z=18"
Left Work,"May 23, 2019 at 05:07PM",,"https://maps.google.com/?q=53.33387421252122,-6.25497546931149&z=18"
Arrived Home,"May 23, 2019 at 05:57PM",,"https://maps.google.com/?q=53.36946943640538,-6.236269499999942&z=18"
Left Home,"May 24, 2019 at 08:44AM",,"https://maps.google.com/?q=53.36951553622526,-6.2363057&z=18"
Arrived At Work,"May 24, 2019 at 09:31AM",,"https://maps.google.com/?q=53.33399285914321,-6.2547336944427245&z=18"
Left Work,"May 24, 2019 at 06:06PM",,"https://maps.google.com/?q=53.33387421252122,-6.25497546931149&z=18"
Arrived Home,"May 24, 2019 at 11:33PM",,"https://maps.google.com/?q=53.36946943640538,-6.236269499999942&z=18"
Left Home,"May 25, 2019 at 01:27PM",,"https://maps.google.com/?q=53.36951553622526,-6.2363057&z=18"
Arrived Home,"May 25, 2019 at 02:27PM",,"https://maps.google.com/?q=53.36946943640538,-6.236269499999942&z=18"
Left Home,"May 26, 2019 at 11:17AM",,"https://maps.google.com/?q=53.36951553622526,-6.2363057&z=18"
Arrived Home,"May 26, 2019 at 01:33PM",,"https://maps.google.com/?q=53.36946943640538,-6.236269499999942&z=18"
Left Home,"May 26, 2019 at 04:56PM",,"https://maps.google.com/?q=53.36951553622526,-6.2363057&z=18"
Arrived Home,"May 26, 2019 at 08:31PM",,"https://maps.google.com/?q=53.36946943640538,-6.236269499999942&z=18"
Left Home,"May 27, 2019 at 01:11PM",,"https://maps.google.com/?q=53.36951553622526,-6.2363057&z=18"
Arrived Home,"June 5, 2019 at 08:27PM",,"https://maps.google.com/?q=53.36946943640538,-6.236269499999942&z=18"
Left Home,"June 6, 2019 at 08:48AM",,"https://maps.google.com/?q=53.36951553622526,-6.2363057&z=18"
Arrived At Work,"June 6, 2019 at 09:35AM",,"https://maps.google.com/?q=53.33399285914321,-6.2547336944427245&z=18"
Left Work,"June 6, 2019 at 01:16PM",,"https://maps.google.com/?q=53.33387421252122,-6.25497546931149&z=18"
Arrived At Work,"June 6, 2019 at 01:25PM",,"https://maps.google.com/?q=53.33399285914321,-6.2547336944427245&z=18"
Left Work,"June 6, 2019 at 06:11PM",,"https://maps.google.com/?q=53.33387421252122,-6.25497546931149&z=18"
Arrived Home,"June 6, 2019 at 07:01PM",,"https://maps.google.com/?q=53.36946943640538,-6.236269499999942&z=18"
Left Home,"June 6, 2019 at 09:02PM",,"https://maps.google.com/?q=53.36951553622526,-6.2363057&z=18"
Arrived Home,"June 6, 2019 at 09:33PM",,"https://maps.google.com/?q=53.36946943640538,-6.236269499999942&z=18"
Left Home,"June 7, 2019 at 07:55AM",,"https://maps.google.com/?q=53.36951553622526,-6.2363057&z=18"
Arrived At Work,"June 7, 2019 at 08:25AM",,"https://maps.google.com/?q=53.33399285914321,-6.2547336944427245&z=18"
Left Work,"June 7, 2019 at 01:04PM",,"https://maps.google.com/?q=53.33387421252122,-6.25497546931149&z=18"
Arrived At Work,"June 7, 2019 at 01:08PM",,"https://maps.google.com/?q=53.33399285914321,-6.2547336944427245&z=18"
Left Work,"June 7, 2019 at 05:07PM",,"https://maps.google.com/?q=53.33387421252122,-6.25497546931149&z=18"
Arrived Home,"June 7, 2019 at 08:44PM",,"https://maps.google.com/?q=53.36946943640538,-6.236269499999942&z=18"
Left Home,"June 8, 2019 at 06:02PM",,"https://maps.google.com/?q=53.36951553622526,-6.2363057&z=18"
Arrived Home,"June 8, 2019 at 07:12PM",,"https://maps.google.com/?q=53.36946943640538,-6.236269499999942&z=18"
Left Home,"June 10, 2019 at 08:01AM",,"https://maps.google.com/?q=53.36951553622526,-6.2363057&z=18"
Arrived At Work,"June 10, 2019 at 08:36AM",,"https://maps.google.com/?q=53.33399285914321,-6.2547336944427245&z=18"
Left Work,"June 10, 2019 at 01:15PM",,"https://maps.google.com/?q=53.33387421252122,-6.25497546931149&z=18"
Arrived At Work,"June 10, 2019 at 02:08PM",,"https://maps.google.com/?q=53.33399285914321,-6.2547336944427245&z=18"
Left Work,"June 10, 2019 at 05:06PM",,"https://maps.google.com/?q=53.33387421252122,-6.25497546931149&z=18"
Arrived Home,"June 10, 2019 at 06:01PM",,"https://maps.google.com/?q=53.36946943640538,-6.236269499999942&z=18"
Left Home,"June 11, 2019 at 08:42AM",,"https://maps.google.com/?q=53.36951553622526,-6.2363057&z=18"
Arrived At Work,"June 11, 2019 at 09:43AM",,"https://maps.google.com/?q=53.33399285914321,-6.2547336944427245&z=18"
Left Work,"June 11, 2019 at 01:15PM",,"https://maps.google.com/?q=53.33387421252122,-6.25497546931149&z=18"
Arrived At Work,"June 11, 2019 at 01:22PM",,"https://maps.google.com/?q=53.33399285914321,-6.2547336944427245&z=18"
Left Work,"June 11, 2019 at 06:14PM",,"https://maps.google.com/?q=53.33387421252122,-6.25497546931149&z=18"
Left Home,"June 11, 2019 at 06:57PM",,"https://maps.google.com/?q=53.36951553622526,-6.2363057&z=18"
Arrived Home,"June 11, 2019 at 06:56PM",,"https://maps.google.com/?q=53.36946943640538,-6.236269499999942&z=18"
Arrived Home,"June 11, 2019 at 07:00PM",,"https://maps.google.com/?q=53.36946943640538,-6.236269499999942&z=18"
Left Home,"June 12, 2019 at 09:27AM",,"https://maps.google.com/?q=53.36951553622526,-6.2363057&z=18"
Arrived At Work,"June 12, 2019 at 09:56AM",,"https://maps.google.com/?q=53.33399285914321,-6.2547336944427245&z=18"
Left Work,"June 12, 2019 at 06:44PM",,"https://maps.google.com/?q=53.33387421252122,-6.25497546931149&z=18"
Arrived Home,"June 12, 2019 at 07:19PM",,"https://maps.google.com/?q=53.36946943640538,-6.236269499999942&z=18"
Left Home,"June 13, 2019 at 08:49AM",,"https://maps.google.com/?q=53.36951553622526,-6.2363057&z=18"
Arrived At Work,"June 13, 2019 at 09:41AM",,"https://maps.google.com/?q=53.33399285914321,-6.2547336944427245&z=18"
Left Work,"June 13, 2019 at 01:05PM",,"https://maps.google.com/?q=53.33387421252122,-6.25497546931149&z=18"
Arrived At Work,"June 13, 2019 at 01:10PM",,"https://maps.google.com/?q=53.33399285914321,-6.2547336944427245&z=18"
Left Work,"June 13, 2019 at 06:34PM",,"https://maps.google.com/?q=53.33387421252122,-6.25497546931149&z=18"
Arrived Home,"June 13, 2019 at 07:13PM",,"https://maps.google.com/?q=53.36946943640538,-6.236269499999942&z=18"
Left Home,"June 13, 2019 at 07:55PM",,"https://maps.google.com/?q=53.36951553622526,-6.2363057&z=18"
Arrived Home,"June 13, 2019 at 07:58PM",,"https://maps.google.com/?q=53.36946943640538,-6.236269499999942&z=18"
Left Home,"June 14, 2019 at 08:43AM",,"https://maps.google.com/?q=53.36951553622526,-6.2363057&z=18"
Arrived Home,"June 14, 2019 at 09:08AM",,"https://maps.google.com/?q=53.36946943640538,-6.236269499999942&z=18"
Left Home,"June 16, 2019 at 11:43AM",,"https://maps.google.com/?q=53.36951553622526,-6.2363057&z=18"
Arrived Home,"June 16, 2019 at 07:35PM",,"https://maps.google.com/?q=53.36946943640538,-6.236269499999942&z=18"
Left Home,"June 17, 2019 at 07:56AM",,"https://maps.google.com/?q=53.36951553622526,-6.2363057&z=18"
Arrived At Work,"June 17, 2019 at 08:38AM",,"https://maps.google.com/?q=53.33399285914321,-6.2547336944427245&z=18"
Arrived At Work,"June 17, 2019 at 01:16PM",,"https://maps.google.com/?q=53.33399285914321,-6.2547336944427245&z=18"
Left Work,"June 17, 2019 at 01:14PM",,"https://maps.google.com/?q=53.33387421252122,-6.25497546931149&z=18"
Left Work,"June 17, 2019 at 05:07PM",,"https://maps.google.com/?q=53.33387421252122,-6.25497546931149&z=18"
Arrived Home,"June 17, 2019 at 06:02PM",,"https://maps.google.com/?q=53.36946943640538,-6.236269499999942&z=18"
Left Home,"June 18, 2019 at 08:40AM",,"https://maps.google.com/?q=53.36951553622526,-6.2363057&z=18"
Arrived At Work,"June 18, 2019 at 09:19AM",,"https://maps.google.com/?q=53.33399285914321,-6.2547336944427245&z=18"
Left Work,"June 18, 2019 at 01:22PM",,"https://maps.google.com/?q=53.33387421252122,-6.25497546931149&z=18"
Arrived At Work,"June 18, 2019 at 01:26PM",,"https://maps.google.com/?q=53.33399285914321,-6.2547336944427245&z=18"
Left Work,"June 18, 2019 at 06:20PM",,"https://maps.google.com/?q=53.33387421252122,-6.25497546931149&z=18"
Arrived Home,"June 18, 2019 at 06:58PM",,"https://maps.google.com/?q=53.36946943640538,-6.236269499999942&z=18"
Left Home,"June 18, 2019 at 07:12PM",,"https://maps.google.com/?q=53.36951553622526,-6.2363057&z=18"
Arrived Home,"June 18, 2019 at 08:26PM",,"https://maps.google.com/?q=53.36946943640538,-6.236269499999942&z=18"
Left Home,"June 19, 2019 at 08:39AM",,"https://maps.google.com/?q=53.36951553622526,-6.2363057&z=18"
Arrived At Work,"June 19, 2019 at 09:16AM",,"https://maps.google.com/?q=53.33399285914321,-6.2547336944427245&z=18"
Left Work,"June 19, 2019 at 01:06PM",,"https://maps.google.com/?q=53.33387421252122,-6.25497546931149&z=18"
Arrived At Work,"June 19, 2019 at 01:10PM",,"https://maps.google.com/?q=53.33399285914321,-6.2547336944427245&z=18"
Left Work,"June 19, 2019 at 06:29PM",,"https://maps.google.com/?q=53.33387421252122,-6.25497546931149&z=18"
Arrived Home,"June 19, 2019 at 07:07PM",,"https://maps.google.com/?q=53.36946943640538,-6.236269499999942&z=18"
Left Home,"June 20, 2019 at 08:42AM",,"https://maps.google.com/?q=53.36951553622526,-6.2363057&z=18"
Arrived At Work,"June 20, 2019 at 09:32AM",,"https://maps.google.com/?q=53.33399285914321,-6.2547336944427245&z=18"
Left Work,"June 20, 2019 at 01:05PM",,"https://maps.google.com/?q=53.33387421252122,-6.25497546931149&z=18"
Arrived At Work,"June 20, 2019 at 01:12PM",,"https://maps.google.com/?q=53.33399285914321,-6.2547336944427245&z=18"
Left Work,"June 20, 2019 at 06:15PM",,"https://maps.google.com/?q=53.33387421252122,-6.25497546931149&z=18"
Arrived Home,"June 20, 2019 at 06:55PM",,"https://maps.google.com/?q=53.36946943640538,-6.236269499999942&z=18"
Left Home,"June 21, 2019 at 08:06AM",,"https://maps.google.com/?q=53.36951553622526,-6.2363057&z=18"
Arrived At Work,"June 21, 2019 at 08:58AM",,"https://maps.google.com/?q=53.33399285914321,-6.2547336944427245&z=18"
Left Work,"June 21, 2019 at 01:13PM",,"https://maps.google.com/?q=53.33387421252122,-6.25497546931149&z=18"
Arrived At Work,"June 21, 2019 at 02:13PM",,"https://maps.google.com/?q=53.33399285914321,-6.2547336944427245&z=18"
Left Work,"June 21, 2019 at 05:08PM",,"https://maps.google.com/?q=53.33387421252122,-6.25497546931149&z=18"
Arrived Home,"June 21, 2019 at 06:07PM",,"https://maps.google.com/?q=53.36946943640538,-6.236269499999942&z=18"
Left Home,"June 23, 2019 at 12:18PM",,"https://maps.google.com/?q=53.36951553622526,-6.2363057&z=18"
Arrived Home,"June 23, 2019 at 02:28PM",,"https://maps.google.com/?q=53.36946943640538,-6.236269499999942&z=18"
Left Home,"June 24, 2019 at 08:02AM",,"https://maps.google.com/?q=53.36951553622526,-6.2363057&z=18"
Arrived At Work,"June 24, 2019 at 08:41AM",,"https://maps.google.com/?q=53.33399285914321,-6.2547336944427245&z=18"